0.61802,1.1057,0
-0.038462,-1.2661,0
-1.2536,0.18136,0
-0.87421,-1.2597,0
0.97803,-0.20847,0
-0.38574,0.92261,0
1.1234,0.58524,0
0.3259,-1.224,0
-1.0168,1.1477,0
-0.86042,-0.50958,0
0.51518,1.1572,0
1.3577,0.71254,0
0.56901,0.82233,0
0.46446,-0.88559,0
-0.39866,1.2023,0
-0.74546,0.66655,0
-0.89542,-1.2447,0
0.41077,-0.91174,0
0.10203,-0.99478,0
-0.89102,0.9003,0
0.46731,1.1773,0
-0.76687,-1.0081,0
1.2663,0.028691,0
-0.3146,1.5007,0
-0.98773,-1.1728,0
-1.0605,-0.6926,0
-0.5771,1.1276,0
0.99759,-0.069366,0
1.0962,1.0721,0
-0.11225,-1.2617,0
0.55365,0.83275,0
-0.91687,0.39918,0
0.49406,-0.86943,0
-0.63699,0.77088,0
0.88745,0.46091,0
-1.4363,-0.53681,0
-0.18974,1.2524,0
1.0351,1.1312,0
-0.31108,-0.95038,0
-1.5273,0.13562,0
0.41028,0.91196,0
1.2336,0.91071,0
0.37941,1.2085,0
0.66251,0.74905,0
-0.6857,1.3715,0
1.206,-0.38729,0
-1.2409,-0.25398,0
0.022296,1.5332,0
-1.4158,0.58877,0
-0.61657,-1.1065,0
-0.95543,-0.29522,0
-0.77429,-0.63284,0
1.0005,-1.162,0
-1.1223,1.0447,0
-0.0083119,-1.2666,0
0.84829,1.2773,0
1.1831,0.45238,0
-0.81922,1.2961,0
0.62815,-1.3988,0
-0.71833,0.6957,0
1.2479,-0.21695,0
-0.99931,-0.77835,0
-0.8072,1.3037,0
1.1392,-0.5538,0
1.2315,-0.9135,0
0.59137,-0.8064,0
-0.042662,0.99909,0
-0.28016,1.2353,0
0.18705,-0.98235,0
-0.30067,-0.95373,0
-0.99889,0.047033,0
1.5018,-0.30936,0
-0.9888,0.14922,0
1.5325,-0.049073,0
-1.2644,0.074938,0
-0.99976,-0.021697,0
0.18044,-1.5227,0
-0.76279,0.64665,0
-1.2124,0.36667,0
1.0294,1.1364,0
0.067667,-1.2649,0
-1.1617,-0.50478,0
-0.91186,-1.2327,0
0.29739,-0.95476,0
0.28307,1.507,0
0.62716,-0.77889,0
1.2667,-0.86402,0
-0.26096,0.96535,0
-0.23159,-1.5157,0
-0.81709,1.2975,0
-0.14203,0.98986,0
0.73637,1.3449,0
-0.51434,-0.85759,0
-1.4946,-0.34249,0
0.73116,-1.3478,0
-0.13791,1.2591,0
0.68618,1.3712,0
-0.90798,0.41902,0
-0.98832,0.15237,0
0.33656,-1.4959,0
0.68156,0.73177,0
1.4542,0.48623,0
-1.067,-1.1012,0
0.98335,0.18175,0
0.83051,0.9564,0
-0.43239,-1.1906,0
-1.5259,-0.15081,0
-0.96442,-0.26437,0
0.55085,-1.431,0
0.27105,-0.96256,0
-1.5332,-0.017988,0
-0.25538,1.5119,0
0.73041,0.68301,0
0.75671,-0.65375,0
1.2447,-0.23509,0
0.9355,-0.35332,0
-0.99121,-1.1699,0
1.2916,0.8264,0
1.3675,0.69361,0
0.4118,0.91128,0
1.2416,0.25053,0
-0.24047,-1.5144,0
0.94618,1.2066,0
-0.83211,-0.955,0
0.3799,-1.4855,0
-1.4024,-0.62002,0
-0.90915,0.88198,0
0.43478,-0.90054,0
-0.33803,0.94113,0
-0.5348,1.1482,0
0.27616,-1.2362,0
-1.5329,-0.035994,0
-0.06904,0.99761,0
-0.13919,-1.259,0
0.52009,0.85411,0
0.87954,-0.47582,0
0.26625,1.51,0
0.86516,0.5015,0
0.89468,0.44671,0
0.12254,-0.99246,0
0.41253,-0.91094,0
-0.092187,-1.5306,0
0.06562,-1.265,0
1.2292,-0.30579,0
-1.4993,0.32108,0
0.2918,-1.2326,0
-1.1197,0.59223,0
1.4385,-0.53089,0
1.2666,0.010461,0
1.2579,-0.14874,0
-0.90431,-0.42688,0
-0.87354,1.2602,0
-0.93544,-0.35349,0
-0.30773,0.95147,0
0.82913,1.2898,0
-0.64303,-1.0913,0
-0.40174,-0.91575,0
0.26332,-0.96471,0
-0.58077,0.81407,0
-0.00046956,1,0
-0.86189,1.2682,0
-0.72712,1.35,0
1.3769,-0.6747,0
0.058489,-1.5322,0
-0.30141,1.2303,0
-1.2046,-0.94875,0
0.12736,-1.2602,0
0.87102,-1.2619,0
1.0339,-0.73171,0
-1.2643,-0.86749,0
0.9087,0.41744,0
0.30581,1.5025,0
0.68183,-0.73151,0
-0.85823,0.51327,0
-0.5294,-0.84837,0
0.26453,-1.2387,0
0.020366,1.5332,0
-0.9421,-0.33534,0
0.19614,1.5207,0
0.99906,0.043421,0
0.16002,-1.525,0
0.99061,0.13675,0
-0.7828,0.62228,0
-0.024471,1.5331,0
0.43503,1.4703,0
-0.80298,-1.3063,0
1.3185,-0.78267,0
1.2655,0.054918,0
-0.034457,-1.5329,0
0.38893,-1.2055,0
1.2832,-0.83943,0
0.98727,-0.15908,0
0.72956,0.68392,0
-1.5225,-0.18233,0
0.5535,-1.1393,0
-0.82552,-0.96071,0
1.2139,-0.36171,0
0.94491,-0.32733,0
1.2389,-0.26383,0
0.91181,0.41062,0
-1.4167,0.58647,0
-0.54536,1.1433,0
0.66577,0.74616,0
0.84014,0.94795,0
0.43616,-1.1892,0
-1.2514,-0.1963,0
0.93929,-0.34313,0
0.99732,-0.073196,0
-1.069,0.67942,0
-1.058,1.1099,0
0.18356,1.2533,0
-1.446,0.51004,0
-0.10175,0.99481,0
-0.96716,0.25419,0
-0.91245,0.40919,0
-0.092658,1.5305,0
1.0233,1.1419,0
-1.3401,0.74519,0
-1.5319,-0.066075,0
-0.57026,1.131,0
-0.50533,-1.1615,0
-1.1866,0.44331,0
-1.4097,0.60309,0
0.40947,-1.4776,0
0.50711,-1.1607,0
0.013274,-0.99991,0
0.30927,-1.2283,0
-1.2666,-0.010087,0
-0.94049,-0.33981,0
-1.0444,-1.1227,0
1.2518,0.88553,0
0.034408,1.2662,0
-0.74709,-0.66472,0
-0.51904,1.4428,0
0.16316,-1.5246,0
-0.13685,1.2593,0
0.96935,0.24568,0
-0.44221,1.4682,0
-1.4382,-0.53175,0
0.98118,-0.19309,0
-0.57229,-1.4225,0
-0.20044,-0.97971,0
-1.1805,-0.4591,0
-0.97812,-0.20804,0
0.71032,-0.70388,0
-1.2003,0.9542,0
-1.4804,0.39933,0
0.25935,0.96578,0
0.045683,-0.99896,0
-0.95727,-0.28918,0
-0.62469,0.78087,0
-0.46467,-1.4612,0
0.77362,0.63365,0
1.2656,0.052598,0
-1.2556,-0.88011,0
-0.82829,-1.2904,0
-1.11,-0.61027,0
1.0693,-0.67904,0
-0.83164,-0.95542,0
-0.98713,-0.15992,0
-0.092654,1.5305,0
1.2018,0.40027,0
-0.14335,-1.2585,0
0.7864,1.3163,0
-0.24045,1.2436,0
-0.0592,0.99825,0
-0.95654,-0.29161,0
-1.2243,-0.32478,0
0.36369,-1.4896,0
0.8648,-0.92551,0
0.29601,-1.2316,0
1.2434,-0.24182,0
0.42312,0.90608,0
1.1481,-0.535,0
1.472,0.42919,0
0.090068,1.5307,0
0.99845,0.055609,0
-0.7252,-1.351,0
0.82642,-0.56305,0
-0.89826,-0.43947,0
0.70893,1.0497,0
-1.2665,-0.018841,0
-0.9108,-0.41285,0
0.3782,0.92572,0
-0.68921,1.3697,0
-0.26825,-1.2379,0
-1.1973,-0.41352,0
0.96035,1.1953,0
-0.92534,0.86498,0
-1.0085,0.76644,0
-1.3585,-0.71103,0
1.522,0.18646,0
-0.88353,-0.46837,0
1.3963,-0.63366,0
0.99166,0.78807,0
-0.14177,-1.2587,0
0.9829,-0.18415,0
-1.1883,-0.96909,0
-0.18944,-0.98189,0
-0.49897,1.4499,0
-1.2249,0.32254,0
1.2094,0.37647,0
-1.1524,1.0115,0
-0.6457,0.76359,0
-0.29635,1.2315,0
0.62407,-1.4006,0
-1.206,0.38742,0
0.34837,-0.93736,0
0.38294,-1.4847,0
-0.2056,0.97864,0
1.3943,0.63809,0
1.192,0.42855,0
-0.8225,-0.9633,0
-0.88896,0.45799,0
1.2711,-0.85762,0
-1.0996,0.62882,0
0.56697,0.82374,0
-0.96858,-0.24869,0
1.169,-0.48774,0
-0.81382,-1.2995,0
-0.78883,0.61461,0
-0.086571,1.5309,0
0.57712,-0.81666,0
0.941,-0.33841,0
-0.90685,0.88434,0
1.1552,0.51966,0
0.63904,1.3938,0
-0.88886,-0.45817,0
0.49658,1.1653,0
-0.32616,1.224,0
-1.2301,0.30216,0
-0.72493,1.0387,0
-0.41532,0.90967,0
-0.96845,0.24921,0
0.13571,1.5273,0
0.98484,0.17349,0
-0.83414,-1.2866,0
0.68673,1.0643,0
0.49816,-1.4502,0
-1.2873,0.83312,0
-0.59195,1.1198,0
-0.025038,-0.99969,0
-0.035143,-1.5329,0
0.58245,1.1248,0
0.93663,0.85275,0
0.58187,1.1251,0
-0.69632,-0.71773,0
0.83692,-1.2848,0
-1.2641,-0.080193,0
0.77419,1.3235,0
-0.28171,-1.2349,0
1.2791,-0.84556,0
0.30114,1.5035,0
0.68894,-0.72482,0
0.30083,1.2304,0
0.79429,-1.3116,0
0.80311,-0.97952,0
-0.98923,-0.14636,0
-1.2539,0.17956,0
1.1807,-0.97825,0
1.4069,0.60963,0
-1.2644,-0.075214,0
-1.1125,-1.0552,0
-0.15803,-1.5252,0
0.15879,1.2567,0
1.5189,0.21006,0
0.81359,0.97083,0
0.18747,-1.5218,0
1.5057,-0.28954,0
-0.75752,0.65281,0
0.99915,-0.041283,0
-0.46177,0.887,0
0.82468,0.96143,0
-0.74909,0.66247,0
-1.1698,-0.48573,0
-1.0224,-1.1427,0
-1.4812,-0.39629,0
-0.6089,1.4072,0
0.68323,1.0666,0
0.57441,0.81857,0
0.65207,0.75816,0
-0.38316,-1.4847,0
-1.4961,0.33576,0
1.1611,1.0015,0
-0.46577,-1.4609,0
0.42586,0.90479,0
0.33085,-0.94368,0
-0.99616,-0.087576,0
-0.95404,-0.29967,0
0.26178,0.96513,0
0.21562,-0.97648,0
-1.5121,-0.25403,0
-1.3832,-0.66177,0
-1.1177,0.59594,0
-0.18024,-0.98362,0
1.3743,0.68009,0
-1.0483,-0.71106,0
0.99199,-1.1692,0
-1.4547,0.4848,0
-0.72784,-1.0367,0
-0.41761,1.1958,0
-0.98884,-0.7916,0
-0.22876,1.2458,0
0.3064,-0.9519,0
0.36231,-1.2137,0
1.47,-0.43623,0
-1.19,0.43402,0
-1.4774,0.41034,0
-1.2415,-0.89984,0
0.84282,-1.2809,0
0.98085,0.19478,0
0.48642,1.1695,0
1.1879,-0.43958,0
0.94694,-0.32141,0
-1.2118,0.36876,0
0.47245,-1.1753,0
1.1423,-0.54738,0
-0.59118,-1.1202,0
-0.88053,0.91056,0
-0.82953,0.55846,0
-0.92703,0.37499,0
-0.43344,-0.90118,0
-0.97601,0.21771,0
1.4677,-0.44382,0
-0.77445,1.0023,0
-0.81362,1.2997,0
0.79346,-0.60863,0
-0.95953,-0.28161,0
-0.0057007,-1.2667,0
0.89636,0.89498,0
-1.2124,0.36686,0
1.3673,0.69397,0
-0.51799,-0.85539,0
-0.36368,-1.2133,0
1.1059,-0.61753,0
-0.67823,-1.0698,0
-0.46551,-1.178,0
0.93004,-1.2191,0
-0.97973,0.20031,0
-1.2238,0.32672,0
0.43733,-1.1888,0
0.45269,-0.89167,0
0.46306,1.179,0
1.5134,0.24627,0
1.1868,0.44263,0
0.78927,0.99071,0
0.47392,0.88057,0
-0.8909,-0.90041,0
1.507,0.28273,0
-0.98493,0.17297,0
-0.43461,-0.90062,0
0.75099,0.66032,0
0.13409,1.5275,0
-0.37274,1.4873,0
0.59091,1.1204,0
-0.56586,1.1332,0
0.31564,-0.94888,0
-0.38865,1.2056,0
0.20307,-1.2503,0
-1.1977,-0.41233,0
-0.94154,-0.33691,0
-0.18599,-1.522,0
0.22677,-1.5165,0
1.2453,-0.89466,0
0.99092,1.1701,0
0.27342,-0.9619,0
0.56971,1.4236,0
0.98347,0.18105,0
0.69642,0.71763,0
0.66725,0.74483,0
0.69224,0.72166,0
0.9184,-0.39565,0
-0.18423,1.2532,0
1.1854,-0.4464,0
-0.64633,-0.76305,0
0.88167,-0.90946,0
-0.67103,0.74143,0
0.13277,1.5276,0
0.38374,0.92344,0
-1.4707,-0.43379,0
-0.049285,1.5325,0
-0.3436,0.93912,0
0.99523,0.09754,0
-0.85268,-0.52243,0
1.4911,-0.3574,0
0.58701,-0.80958,0
1.2651,0.063168,0
-0.84346,-0.94499,0
-0.97211,1.1858,0
0.95507,0.83203,0
-0.96729,-0.25366,0
-0.86525,0.50133,0
-1.5245,-0.16441,0
0.95603,-0.83094,0
0.90597,1.2371,0
-1.406,0.61182,0
0.93198,0.3625,0
-1.1245,1.0424,0
-0.26486,-1.5103,0
0.82666,0.5627,0
-0.76229,-1.3304,0
-0.36408,1.2132,0
-0.81429,-0.58046,0
0.57833,0.8158,0
-0.92116,0.38919,0
1.2626,0.10083,0
0.13142,0.99133,0
-0.085846,0.99631,0
-1.2634,-0.090534,0
0.33369,1.4966,0
-0.71926,1.0426,0
-0.02103,-1.5332,0
-0.85629,0.51649,0
0.93927,0.34318,0
-0.77063,0.63729,0
-1.2504,0.20221,0
0.57733,-1.1274,0
-0.4189,1.1954,0
0.66843,-1.38,0
-1.4046,-0.61496,0
1.4447,0.51379,0
-0.062879,0.99802,0
-1.2992,-0.8143,0
-1.5209,0.19472,0
0.40162,1.2013,0
0.10577,1.5297,0
0.28915,-1.5058,0
-0.93788,-0.85136,0
0.61722,0.78679,0
-0.2112,-0.97744,0
-0.81454,0.5801,0
-1.4907,0.35902,0
-0.33591,-1.2213,0
-1.2473,0.89181,0
1.2615,0.11433,0
1.1299,0.5725,0
-1.0649,-0.68588,0
-1.4459,0.51031,0
1.3732,-0.68217,0
1.0481,0.71127,0
-0.70896,0.70524,0
-0.95852,-0.28501,0
0.76375,0.64551,0
1.2653,-0.86613,0
-1.0264,-1.1391,0
1.2704,-0.85858,0
-1.0457,-1.1214,0
0.99601,0.08928,0
-0.622,1.4015,0
0.96643,0.81882,0
-0.687,-0.72666,0
1.1756,0.47154,0
-0.58217,-1.125,0
-1.254,0.17895,0
-0.43315,1.1903,0
-1.26,-0.12976,0
-0.26673,-0.96377,0
0.59666,-1.4125,0
-0.6161,1.4041,0
-0.47591,1.1739,0
-0.71182,1.0477,0
-0.76968,-1.3262,0
0.81396,-0.97052,0
0.093662,-1.2632,0
0.90037,-0.89094,0
1.0583,-1.1096,0
0.59067,1.1205,0
0.74597,-1.0237,0
1.2261,-0.31818,0
0.16039,-1.2565,0
0.70717,-0.70704,0
1.3978,0.63023,0
-0.92609,-1.2221,0
-0.44893,0.89357,0
-0.63574,-0.7719,0
1.1161,-1.0514,0
-0.88797,0.9033,0
0.13296,-1.2597,0
0.62352,1.1026,0
-1.5216,-0.18955,0
-1.0674,-1.1008,0
-0.28475,-1.2342,0
-0.34698,0.93787,0
-0.1317,1.5277,0
1.0943,-0.6379,0
-0.94996,-0.83787,0
1.0557,0.69991,0
-1.0657,-1.1024,0
0.35625,0.93439,0
0.16861,-0.98568,0
0.65895,-0.75218,0
-0.76874,1.3267,0
0.83519,0.95232,0
0.14878,-1.5261,0
-0.64075,1.393,0
-0.01495,0.99989,0
0.30857,0.9512,0
0.90746,0.42014,0
-1.4525,-0.4913,0
-0.82286,0.56824,0
0.0007276,-1,0
-1.5284,0.12334,0
-0.94901,0.83894,0
1.4206,0.57705,0
0.34678,1.4936,0
-1.4754,-0.41735,0
-0.84649,0.5324,0
1.0292,-0.73831,0
1.4384,0.53107,0
-0.93767,0.34754,0
-1.2311,-0.29812,0
1.0208,1.1442,0
-0.96709,-0.25445,0
0.79116,-0.9892,0
0.32084,0.94713,0
0.857,1.2715,0
0.92655,0.37616,0
-0.53012,-0.84792,0
1.5229,0.17881,0
-0.39161,1.4825,0
1.5126,-0.25105,0
0.14085,-1.5269,0
0.060834,1.5321,0
-0.52403,-1.1532,0
0.64775,0.76185,0
-0.86819,-0.92233,0
0.78896,-0.99096,0
1.2393,-0.90284,0
-0.57946,0.815,0
-1.262,0.10882,0
-0.65706,-1.3854,0
-0.36009,-1.2144,0
-1.2286,0.30819,0
-1.0087,1.1548,0
-0.18902,0.98197,0
1.1242,0.58358,0
-0.94008,0.34095,0
0.63994,1.0931,0
-1.0189,0.75256,0
0.87807,-0.47853,0
-1.5294,-0.10911,0
1.3156,-0.78763,0
1.2846,0.83727,0
1.5319,-0.06706,0
1.0412,0.72138,0
-0.38644,0.92232,0
0.27923,-1.2355,0
-1.0134,-0.7599,0
-1.4983,0.32594,0
-0.29783,0.95462,0
1.0271,1.1385,0
-0.27905,0.96028,0
0.767,1.3277,0
-0.51838,1.1557,0
0.77115,0.63665,0
0.75625,-1.3339,0
0.98411,-0.17754,0
0.19804,0.98019,0
-0.27248,-0.96216,0
0.97011,0.24268,0
-0.94329,-0.84537,0
-0.74405,-1.3407,0
1.4916,0.35515,0
1.533,0.032124,0
0.95897,1.1964,0
0.649,-0.76079,0
-0.24973,1.5129,0
-1.2416,-0.25056,0
-0.99027,-0.13917,0
-1.1541,-0.52211,0
-0.49836,0.86697,0
-0.85564,0.51758,0
-0.85865,0.51256,0
0.9949,-0.10085,0
1.4335,0.54415,0
-1.0083,0.76661,0
0.39363,-1.4819,0
-1.0513,-0.7066,0
-0.56054,1.4272,0
1.2506,-0.88716,0
1.0559,0.69959,0
-0.42024,0.90741,0
0.96039,-0.82589,0
-0.69588,-1.0584,0
-0.50658,-1.161,0
-0.98663,0.16296,0
0.63138,0.77547,0
1.2069,-0.38441,0
0.93754,-0.85174,0
-0.92373,0.38304,0
0.50881,-0.86088,0
-0.45479,0.8906,0
-1.0329,1.1332,0
0.35216,-1.2167,0
1.2444,0.89587,0
0.95446,-0.29835,0
1.5333,0.0142,0
-0.35641,1.2155,0
0.95401,0.29977,0
-1.4352,0.53983,0
0.24775,-0.96882,0
1.3125,-0.79276,0
-1.5,-0.31805,0
0.42215,-1.1943,0
-1.1698,-0.48591,0
0.0069754,-1.2666,0
0.99832,0.057964,0
-1.5171,0.22287,0
-0.0020705,1,0
-0.54576,1.4329,0
0.97852,-0.20618,0
0.32421,1.2245,0
-1.2562,-0.16252,0
0.15304,0.98822,0
-1.1554,-0.51906,0
0.99993,-0.011539,0
0.67596,0.73694,0
0.95972,-0.28094,0
0.71208,0.7021,0
0.59799,1.4119,0
-0.76686,-1.0081,0
1.0624,1.1056,0
1.3375,0.74981,0
-0.53992,-0.84172,0
0.98522,0.1713,0
1.2612,-0.11778,0
-1.2282,-0.30985,0
-1.0763,1.0921,0
-0.26851,-0.96328,0
1.4504,-0.49748,0
-0.93567,0.85379,0
-0.53831,-1.4357,0
-1.015,-0.7578,0
0.15803,-0.98743,0
-0.8381,-0.54552,0
-0.90228,0.889,0
0.59108,-0.80661,0
0.19237,1.252,0
0.29079,-0.95679,0
1.533,-0.030047,0
-0.29971,1.5038,0
-0.24637,-0.96918,0
-0.64724,-1.0888,0
-1.0896,0.64591,0
-0.99994,0.01087,0
0.94934,-0.31425,0
0.95704,-0.28994,0
-0.16421,-1.5245,0
-1.1481,1.0163,0
1.2267,0.31564,0
-0.86728,-0.49782,0
-1.1634,-0.50095,0
-0.94118,1.2105,0
1.1191,-1.0482,0
-1.0874,-1.081,0
-1.0909,-1.0775,0
-0.28346,0.95898,0
1.3676,0.69337,0
-0.27117,0.96253,0
0.095736,0.99541,0
-0.869,1.2633,0
0.73477,-1.0318,0
0.67626,1.071,0
0.693,1.0603,0
-0.99852,-0.054381,0
-0.79665,-0.60444,0
0.5284,0.849,0
-1.0107,-1.1531,0
0.55657,-0.8308,0
0.20137,-0.97952,0
-0.11577,1.2614,0
-0.50085,1.1634,0
0.40753,0.91319,0
-1.1983,0.4105,0
-0.71049,1.3588,0
-0.28558,1.5065,0
0.90949,-0.41573,0
-1.0233,0.74651,0
-0.92021,0.87043,0
-1.0572,-0.69773,0
1.3935,0.63982,0
0.42559,1.4731,0
-0.165,-0.98629,0
-0.89059,-0.45482,0
0.38966,1.2052,0
0.84971,-1.2764,0
-1.124,0.58404,0
-1.4731,-0.42548,0
-0.9846,-0.17482,0
0.39653,0.91802,0
1.3358,0.75291,0
-1.4945,0.343,0
1.2434,0.24169,0
-1.1624,0.50317,0
-1.1839,-0.45045,0
-0.9864,-1.1739,0
1.498,0.32712,0
-0.2493,-0.96843,0
0.48547,0.87425,0
-0.83275,-0.55365,0
-1.1932,-0.96295,0
0.17737,-1.2542,0
1.4385,0.53093,0
0.61154,-0.79121,0
-0.94636,0.84193,0
-0.80761,0.58972,0
-0.45633,0.88981,0
-1.4414,-0.52293,0
-0.3566,1.2154,0
-0.66657,0.74544,0
-0.58294,0.81252,0
-0.86579,-0.92458,0
-0.51206,-0.85895,0
1.2651,-0.062877,0
0.93951,-0.34251,0
-0.90398,1.2385,0
0.35055,0.93655,0
1.1084,-0.61318,0
-0.24072,0.97059,0
-0.94937,-0.31415,0
0.87425,-0.48547,0
0.84416,0.53608,0
-0.048338,0.99883,0
-1.1359,0.56048,0
-0.88311,-0.46917,0
0.80725,-0.59022,0
0.19832,0.98014,0
1.5006,-0.31536,0
-0.91519,0.40301,0
0.27494,-1.2365,0
-1.2508,-0.19999,0
-0.74944,1.3377,0
-1.3939,0.63894,0
-0.30715,-1.5023,0
1.0952,-0.63646,0
1.1816,-0.97718,0
0.83942,0.94859,0
0.72934,0.68415,0
0.78416,-0.62056,0
-0.57199,-0.82026,0
1.4845,0.38392,0
-0.99956,-0.029627,0
1.2083,-0.94395,0
-0.95396,0.8333,0
-0.40044,1.4801,0
0.12684,1.2603,0
0.38424,1.207,0
-1.1198,1.0475,0
-1.0486,-0.71059,0
-0.146,1.2582,0
-1.1015,-1.0667,0
0.51547,-1.4441,0
0.7941,0.60779,0
-0.16475,-1.2559,0
-0.91222,-1.2325,0
-0.98735,0.15858,0
1.3991,-0.62737,0
1.2603,0.87333,0
-1.0289,-0.73877,0
0.13057,1.2599,0
1.5018,0.30932,0
-1.3443,-0.7375,0
0.8394,-1.2832,0
-1.1866,-0.44324,0
0.67793,-1.07,0
0.27928,0.96021,0
-0.91649,-0.87435,0
0.45946,0.8882,0
-0.24589,0.9693,0
1.2581,0.14693,0
-0.38008,-1.2083,0
0.95503,-0.29649,0
-0.0078844,-1.2666,0
0.053525,-1.2655,0
-1.48,-0.40079,0
-0.25346,1.241,0
0.032197,0.99948,0
-0.22622,0.97408,0
0.97329,-0.22957,0
0.15326,1.2574,0
-1.4914,-0.35628,0
0.27894,0.96031,0
-1.1594,0.51005,0
0.79376,0.98711,0
-0.7097,0.70451,0
0.2703,-0.96278,0
0.38452,-0.92312,0
1.2616,-0.87147,0
-0.96799,-0.25098,0
0.41359,-0.91046,0
-0.25831,-0.96606,0
1.4772,0.41119,0
0.77039,1.0055,0
0.13238,1.2597,0
0.03178,1.533,0
0.7363,1.345,0
0.11875,1.2611,0
-0.1593,0.98723,0
0.95413,-0.2994,0
-0.87513,1.2591,0
-0.44922,1.4661,0
-0.82505,0.56506,0
-0.40832,1.1991,0
0.058166,-1.2653,0
-0.97548,1.183,0
0.70755,0.70666,0
-0.93856,-0.85061,0
-0.61548,0.78815,0
-0.99903,1.1632,0
1.1512,0.52841,0
0.67144,-0.74106,0
-0.96521,0.26147,0
0.88343,0.46857,0
1.2678,-0.86249,0
-0.19784,0.98023,0
-1.1573,-1.0059,0
-0.66618,-1.0773,0
0.4736,1.4584,0
1.2268,-0.31511,0
-0.50847,-0.86108,0
-1.2243,-0.32502,0
0.86109,-0.92896,0
-1.4359,-0.53791,0
0.99098,0.13404,0
-1.5243,0.16653,0
0.45135,-1.1835,0
-0.13462,-1.5274,0
-1.3778,-0.67288,0
1.5309,0.086516,0
-0.19798,-0.98021,0
-0.94994,0.31244,0
-0.53786,-0.84304,0
0.025533,-1.2664,0
0.33719,-0.94143,0
1.5077,0.27932,0
0.28559,-1.5065,0
-1.1549,-0.52017,0
1.1245,0.58296,0
-0.01019,0.99995,0
0.66856,0.74365,0
-1.1641,-0.49921,0
-0.96703,-0.25466,0
1.3918,0.64344,0
1.5293,-0.11136,0
-0.0087182,1.2666,0
-0.39987,0.91657,0
-0.47984,1.4563,0
0.96532,0.26108,0
-1.2473,-0.22092,0
-0.058007,1.5322,0
-1.0639,0.68736,0
1.4507,-0.49656,0
0.87412,-0.48571,0
0.91656,0.87428,0
-1.2845,-0.83736,0
-0.63574,0.7719,0
-0.29387,-1.5049,0
-0.98907,-0.14744,0
-0.086232,1.2637,0
-1.5319,0.066654,0
0.94614,-1.2066,0
-0.20282,-1.2503,0
0.39815,1.2025,0
0.55015,0.83507,0
-0.68672,0.72692,0
0.64836,-0.76134,0
-0.61106,-1.4063,0
-0.66508,-0.74677,0
0.79926,0.98266,0
0.87841,0.47791,0
0.90209,-0.8892,0
-1.1116,0.60723,0
-1.5287,0.11873,0
-0.96909,0.24671,0
-1.5259,-0.15079,0
-0.21122,1.5187,0
0.11548,0.99331,0
0.80729,-0.59015,0
1.2879,-0.83217,0
-0.79535,-0.60615,0
-1.0157,1.1487,0
-0.81419,-0.5806,0
-0.75143,-1.3366,0
0.99873,-0.77909,0
1.3082,0.79981,0
-1.4875,-0.37208,0
-0.90064,0.43457,0
-0.74109,-0.6714,0
-1.4296,-0.55437,0
0.19146,1.2521,0
0.792,0.61052,0
0.99804,0.06265,0
0.93172,0.36317,0
-0.4408,0.89761,0
0.28236,-1.5071,0
-0.51163,0.85921,0
-0.92571,-0.86459,0
1.5318,-0.068518,0
-0.59788,-0.80159,0
-1.4857,-0.37923,0
0.14094,1.2588,0
-0.063843,-0.99796,0
0.97085,-0.81357,0
0.80622,-0.97696,0
-0.81973,-0.57275,0
-0.86384,-1.2668,0
1.0903,-0.64469,0
-1.1567,0.51629,0
-0.24723,0.96896,0
-0.67588,-0.73701,0
-0.43169,1.4713,0
-0.72018,-0.69378,0
1.2106,0.37271,0
1.2659,-0.04289,0
0.41144,1.4771,0
-0.78096,-0.62458,0
-0.57568,0.81768,0
-0.20133,-0.97952,0
1.2471,0.22164,0
1.1566,0.51647,0
0.89682,-0.4424,0
1.306,0.8034,0
-0.4949,0.86895,0
-1.5126,-0.2511,0
0.026722,1.2664,0
-1.2209,-0.3373,0
0.24413,-1.2429,0
-1.2547,-0.17361,0
1.3953,-0.63581,0
0.92363,1.2239,0
-0.86634,0.49946,0
-0.18919,0.98194,0
-0.81598,-0.57809,0
1.2335,0.28776,0
1.1666,0.49344,0
-0.67788,1.3754,0
0.81496,0.57951,0
0.73831,1.3439,0
-1.0578,1.11,0
1.2273,0.31317,0
-0.25331,-0.96739,0
-0.63091,-0.77586,0
0.5817,1.1252,0
0.92471,0.38066,0
-1.2771,0.84859,0
-0.97319,0.23,0
0.29299,0.95611,0
1.0465,-1.1207,0
-0.81656,-0.57727,0
1.5173,0.22095,0
0.80689,-0.5907,0
-0.95661,0.29136,0
1.4325,0.54673,0
0.78524,0.61919,0
0.99995,-0.009894,0
0.84556,-0.94312,0
-0.94906,-0.83889,0
1.5114,0.25835,0
-0.67477,1.3769,0
-0.97421,0.22564,0
1.246,0.89359,0
-1.3833,-0.66146,0
-0.58125,1.1254,0
-0.95201,0.30607,0
-0.88275,-0.46984,0
0.89145,0.45312,0
1.4349,0.54058,0
-0.39865,1.2023,0
-1.5191,-0.20862,0
-0.92536,-0.37908,0
0.081325,1.5312,0
0.85336,-0.52132,0
0.70241,-1.363,0
-1.1906,0.43247,0
1.5236,-0.17245,0
-0.8815,-0.47219,0
0.14983,1.526,0
0.47066,-1.176,0
-0.9535,0.30139,0
0.00029703,1.5333,0
1.2173,-0.35004,0
0.79104,0.98929,0
-1.2627,-0.099884,0
1.247,-0.22228,0
-0.59629,-0.80277,0
-0.75148,-0.65976,0
-0.98187,0.18954,0
-1.1184,-0.59468,0
1.3014,-0.81089,0
-0.90251,0.88877,0
0.1685,1.2554,0
-1.1232,0.58549,0
-0.2265,1.5165,0
-1.4413,0.52333,0
-0.69584,-0.71819,0
-0.97641,-0.21594,0
-0.95246,0.83502,0
0.8869,-0.90435,0
-0.3111,0.95038,0
-1.0249,0.74434,0
-1.2588,-0.14076,0
1.4191,0.58077,0
0.14795,1.258,0
0.93157,0.85827,0
1.0304,0.73665,0
1.1831,-0.97534,0
1.2389,0.26379,0
0.67222,-1.0736,0
-1.5317,-0.069985,0
1.1583,1.0047,0
-1.5306,0.091993,0
-1.2436,-0.89691,0
1.0686,0.68017,0
1.519,-0.20914,0
-0.72496,-1.0387,0
-1.2291,0.30627,0
0.65544,-0.75525,0
-0.12346,1.5284,0
0.6872,-1.3707,0
-0.73002,1.3484,0
0.93275,-0.36051,0
0.037012,0.99931,0
0.96391,-0.26623,0
-1.2637,-0.086086,0
-0.9188,-0.39472,0
0.99922,-0.039472,0
0.13146,-0.99132,0
-0.49429,1.1662,0
0.93461,0.35566,0
1.2184,0.3463,0
0.48799,-1.1689,0
-0.85124,0.52478,0
-0.74662,0.66525,0
-1.2533,-0.18341,0
0.77905,-0.62696,0
-1.2732,0.85451,0
-1.0038,-0.7725,0
0.82777,0.56106,0
-0.78865,1.315,0
0.94099,1.2106,0
0.032161,0.99948,0
-1.1109,1.0568,0
-0.12733,0.99186,0
0.21447,0.97673,0
-0.84521,-0.94343,0
0.47122,-1.4591,0
0.39517,1.4815,0
1.007,-0.76843,0
-0.041331,-1.5328,0
-1.2337,-0.28707,0
1.2442,-0.23762,0
-1.4077,-0.60793,0
0.25538,1.2407,0
0.96068,-1.1951,0
0.99215,-1.1691,0
-0.38734,0.92194,0
-0.7131,1.3574,0
0.6788,-1.0694,0
-0.9989,0.046901,0
1.1999,0.40579,0
0.22184,-1.2471,0
-0.89573,0.4446,0
-0.23705,1.2443,0
-0.50095,0.86548,0
-1.028,1.1377,0
0.27774,-0.96066,0
0.9706,0.24071,0
-0.22397,-1.5169,0
0.69674,-0.71732,0
-0.22314,0.97479,0
-0.69975,-1.0558,0
0.17413,1.5234,0
-0.91265,-0.87836,0
1.3657,0.69718,0
0.97826,-0.20736,0
-0.77063,-0.63728,0
-0.94335,0.8453,0
0.98161,0.1909,0
0.9592,-1.1963,0
-1.0079,-0.76716,0
0.88436,-1.2526,0
-0.99958,-0.029001,0
1.5314,0.076183,0
1.3393,-0.7465,0
-1.2983,0.81586,0
-0.14006,-1.2589,0
0.58215,0.81308,0
0.39849,-0.91717,0
0.84299,-0.53793,0
0.22124,-1.2472,0
0.056672,-1.2654,0
-1.0485,0.71067,0
-0.45637,-1.4638,0
-0.9166,-0.3998,0
-0.86158,-0.50761,0
-0.86118,1.2687,0
-0.43488,-1.4704,0
0.53124,0.84722,0
0.99995,0.0095122,0
-1.4184,-0.58234,0
-0.95765,-0.28793,0
-1.2026,-0.39768,0
-0.43254,-1.1905,0
1.1375,-0.5573,0
0.93919,-0.3434,0
1.0398,-0.72336,0
-0.79358,-0.60846,0
0.89443,-0.4472,0
0.93983,0.84922,0
-0.54007,0.84162,0
1.4927,0.35074,0
-1.23,-0.30242,0
-0.10153,-1.2626,0
0.41882,0.90807,0
-1.1331,0.5662,0
1.2508,0.88693,0
-0.3282,0.94461,0
0.18814,-0.98214,0
-1.4922,-0.35289,0
0.15142,-1.2576,0
-0.81386,-0.9706,0
1.2006,-0.95382,0
1.1757,0.4714,0
0.68949,1.3696,0
-1.0956,0.63564,0
-0.09828,-1.5302,0
1.1994,-0.95528,0
1.5131,0.24798,0
0.64915,0.76066,0
-1.1253,0.58152,0
0.11577,-1.2614,0
-1.2518,-0.19372,0
0.035661,-1.2662,0
0.48286,0.8757,0
-0.59111,-1.1203,0
-1.1266,-1.0401,0
0.99907,0.043002,0
-0.061376,-0.99811,0
1.5313,-0.079586,0
0.69283,0.7211,0
-0.64024,0.76817,0
0.36185,0.93224,0
-0.34015,-1.4951,0
0.55463,1.1388,0
0.99659,-0.082538,0
0.9943,0.10661,0
0.9689,0.24745,0
0.33478,-0.9423,0
0.63642,-0.77134,0
-1.4024,-0.62002,0
0.039618,-1.5328,0
-1.5218,-0.18754,0
-1.3153,-0.78802,0
0.55789,1.4282,0
-0.99977,-0.021622,0
1.2024,0.39834,0
0.93853,0.34521,0
-0.51011,0.86011,0
-0.68039,-0.73285,0
0.77837,-0.6278,0
-0.46294,-0.88639,0
-0.5011,-1.1633,0
-0.42349,-1.1938,0
0.39015,-1.2051,0
-0.53261,-0.84636,0
-1.2567,-0.15825,0
-0.62229,1.1033,0
0.91568,-0.40191,0
0.022134,0.99976,0
-0.99752,-0.070354,0
-0.060797,-0.99815,0
-0.033172,1.2662,0
0.86651,-1.265,0
-0.9714,-0.23744,0
0.84479,-0.5351,0
-0.59137,0.8064,0
1.4085,-0.60609,0
0.89863,-0.4387,0
-1.0792,-0.66319,0
0.80246,0.59671,0
-0.67011,0.74226,0
-0.24791,1.5132,0
-0.10097,0.99489,0
0.22521,1.5167,0
0.99997,0.0082986,0
1.1997,-0.95489,0
-1.213,0.36486,0
-0.88104,-0.47304,0
-0.61431,1.4049,0
0.99929,-0.037584,0
1.5255,-0.15491,0
1.4954,-0.33874,0
-0.6361,-1.0954,0
-0.22884,-1.5162,0
-0.63822,1.0941,0
-1.5177,-0.21865,0
-0.14621,0.98925,0
-0.19738,-0.98033,0
0.17513,-0.98455,0
0.87307,0.4876,0
0.27235,1.509,0
0.4374,1.4696,0
-0.7111,-0.70309,0
-0.19654,-1.2513,0
0.5056,-0.86277,0
0.99296,0.11844,0
0.29634,0.95508,0
-1.2429,0.24444,0
-1.1071,1.0609,0
-0.8248,1.2926,0
1.1661,0.49465,0
0.10912,-1.5294,0
-0.81873,0.57417,0
-0.70221,-1.3631,0
-1.4551,-0.48367,0
0.94819,0.31771,0
-0.35345,0.93545,0
0.97652,-0.21542,0
0.90873,-0.41737,0
-1.1047,1.0634,0
-0.93595,-0.85348,0
-0.9238,-0.38288,0
0.48484,-0.8746,0
1.4795,-0.40276,0
1.364,0.70046,0
0.96589,-0.81946,0
-0.92401,-0.38238,0
0.43389,1.19,0
0.17841,0.98396,0
-0.42072,-1.4745,0
-0.82081,-0.5712,0
-1.3134,-0.79125,0
1.5034,-0.30156,0
-1.3355,-0.75336,0
1.2416,0.89971,0
0.50035,0.86582,0
1.2285,0.91751,0
0.6067,0.79493,0
-0.47311,-0.881,0
-0.8083,-0.97524,0
-1.0666,1.1016,0
0.6593,1.0816,0
-0.76858,0.63975,0
0.30888,-0.9511,0
-0.80825,0.58883,0
0.032159,-0.99948,0
-0.355,1.2159,0
-0.80737,-0.97601,0
0.95076,-0.83696,0
0.31776,1.2262,0
-1.257,0.15594,0
0.75841,0.65177,0
0.67362,0.73908,0
1.1656,0.49576,0
1.3469,0.73275,0
-0.8846,-0.9066,0
-1.3015,0.81072,0
-0.64423,-0.76483,0
0.62061,-0.78412,0
0.13063,-1.5278,0
1.5162,-0.22882,0
0.24936,-1.2419,0
1.4094,-0.6038,0
-0.086268,-1.2637,0
-0.028806,1.2663,0
-0.24321,-1.2431,0
-0.44019,-1.1877,0
0.22386,-1.5169,0
-0.017485,-0.99985,0
-0.63874,1.394,0
-0.99785,-0.065493,0
0.18294,-1.2534,0
-0.89715,-0.44172,0
1.2138,-0.36217,0
0.47307,0.88102,0
1.2802,-0.84397,0
0.013945,-0.9999,0
-0.22534,0.97428,0
-0.882,-0.90913,0
-0.97285,0.23144,0
0.68711,0.72655,0
-0.95224,-0.30534,0
1.5053,-0.29196,0
-0.93464,0.35559,0
-0.84107,-0.54093,0
0.97104,0.81334,0
0.3099,0.95077,0
0.52001,0.85416,0
0.97328,0.22964,0
-0.1423,0.98982,0
0.1909,1.5214,0
-0.96654,1.1903,0
1.0188,1.146,0
1.2666,-0.011185,0
-1.2621,-0.10748,0
-0.96497,0.82054,0
0.0014186,1.5333,0
-0.83618,0.95144,0
-1.0203,0.75058,0
1.1333,-0.56581,0
-0.9996,0.028441,0
-0.77376,-0.63348,0
1.2661,0.038263,0
-0.85189,-0.52372,0
0.21748,-1.2479,0
-0.84438,-1.2799,0
-1.2467,-0.22416,0
0.58053,-1.1258,0
0.97227,-0.23385,0
-0.49381,1.1664,0
0.29155,-0.95656,0
-0.33614,1.496,0
1.5266,0.14329,0
0.83007,0.55766,0
-0.47471,0.88014,0
-0.43331,1.1902,0
1.5235,0.17326,0
0.80357,1.3059,0
-1.4394,0.52855,0
0.16127,-1.5248,0
-0.41863,-0.90816,0
-0.22098,-0.97528,0
-1.4846,0.38337,0
1.1072,-0.61532,0
0.99759,-0.069415,0
1.3979,-0.6301,0
-1.4887,0.36709,0
1.2678,-0.86248,0
-1.1594,1.0035,0
-1.0105,-0.76382,0
-0.92904,-0.36999,0
0.71749,-1.0439,0
-0.33265,1.4968,0
-0.51811,-0.85532,0
-1.2276,-0.91878,0
-0.85017,-1.2761,0
-0.4658,1.1779,0
-0.62165,1.1036,0
0.58057,1.4192,0
1.0215,0.74892,0
-0.34917,1.493,0
-0.77526,1.0017,0
-0.97486,-0.22281,0
1.2646,-0.072917,0
1.5094,0.27006,0
-0.25154,-0.96785,0
1.0483,-0.71094,0
0.66521,-0.74665,0
0.73253,0.68073,0
1.4732,-0.42524,0
-1.1803,0.45962,0
0.89994,-0.89138,0
1.0137,-1.1505,0
-0.7773,1.0001,0
-0.86042,-0.92958,0
1.0108,-1.153,0
1.2557,0.16658,0
1.122,0.58792,0
-0.90526,0.88597,0
0.59188,0.80603,0
1.4983,0.32599,0
0.25491,-1.2408,0
-0.59092,1.1204,0
0.41138,-0.91146,0
0.58483,1.1236,0
-0.68651,-1.3711,0
0.70977,-0.70443,0
0.068914,-1.5318,0
0.12767,0.99182,0
-0.96952,1.1879,0
-1.0007,1.1618,0
-0.13855,1.2591,0
-0.52144,0.85329,0
1.3101,0.79673,0
-0.95404,0.29968,0
-0.9597,0.28102,0
1.2456,0.22981,0
-0.82504,-0.96112,0
1.1793,0.46228,0
0.61582,1.1069,0
-0.61179,-1.406,0
-1.1929,-0.42583,0
1.2658,0.048026,0
-0.30022,1.2306,0
-0.71423,0.69991,0
0.76693,1.0081,0
1.1303,0.57174,0
-0.96973,0.24417,0
-0.68635,0.72727,0
0.45151,-0.89227,0
-1.4909,-0.35828,0
0.52137,-1.1544,0
-1.2276,0.31207,0
0.99611,0.088063,0
0.99951,0.031305,0
0.63636,1.0952,0
-0.84325,0.94518,0
-0.30423,-1.5028,0
0.82628,1.2917,0
-0.22774,1.246,0
-0.94026,-1.2112,0
-0.29341,1.2322,0
-0.55319,1.1395,0
0.85854,1.2704,0
-0.76107,0.64867,0
0.79297,-0.60926,0
0.96456,-0.82102,0
-0.78479,0.61977,0
-0.45143,-0.89231,0
-0.013912,0.9999,0
0.95103,-0.30909,0
-0.70852,-0.70569,0
0.26722,0.96364,0
1.1836,0.97482,0
-1.404,-0.61646,0
-0.1523,0.98833,0
1.1421,0.5477,0
0.83418,1.2866,0
1.2058,0.38779,0
-0.42075,-0.90718,0
0.25106,-1.2415,0
0.44673,-1.1853,0
-0.094444,0.99553,0
1.0052,-0.77068,0
-0.77852,-0.62762,0
0.99591,0.09036,0
-0.70557,1.052,0
-1.4992,-0.32192,0
-1.0652,-1.1029,0
-1.1964,0.41603,0
0.57435,-1.4217,0
0.9411,1.2106,0
1.2509,-0.19949,0
0.50232,-0.86468,0
-0.82242,1.2941,0
-0.94359,-0.84503,0
-0.50811,1.4467,0
0.84695,0.53168,0
-0.99087,-0.13484,0
0.45562,-0.89017,0
0.1107,-1.2618,0
1.1987,-0.40925,0
-0.63481,1.0961,0
-1.1798,0.97932,0
0.74187,1.0267,0
-0.76976,1.3261,0
-1.4469,-0.5074,0
-1.4574,-0.47652,0
0.53359,0.84574,0
1.1368,1.029,0
-1.2322,0.91253,0
0.61984,-1.1046,0
0.39714,0.91776,0
-1.5333,-0.0075701,0
0.88824,0.90304,0
0.83544,-0.95209,0
0.13224,-1.2597,0
-1.1645,-0.49833,0
-1.1788,0.98058,0
-1.5304,0.094955,0
0.96009,-0.82623,0
1.2685,-0.86148,0
-1.2666,0.012822,0
-0.98319,-0.18261,0
0.84332,-0.53741,0
-0.88052,-0.47402,0
0.20432,-1.2501,0
-0.66932,-1.0754,0
-1.5056,0.29056,0
0.23917,1.2439,0
-1.2257,-0.92134,0
0.40142,0.9159,0
0.49658,1.4507,0
0.99209,-1.1691,0
0.89201,0.89931,0
-0.93537,-1.215,0
-0.92344,0.38374,0
-0.96264,-0.82327,0
-0.078569,-0.99691,0
-0.32855,0.94449,0
1.2208,0.33783,0
0.51178,-0.85911,0
-0.86307,0.92712,0
-0.5287,-0.84881,0
1.2158,-0.9343,0
-0.19107,1.2522,0
0.99991,-0.013204,0
0.50554,-0.8628,0
0.25686,-0.96645,0
-0.55367,-0.83273,0
-1.2193,-0.34323,0
-0.95894,0.82758,0
0.43843,-0.89877,0
-0.8259,-0.56382,0
0.1975,-0.9803,0
0.997,-0.077366,0
0.30153,-1.2303,0
0.60253,-0.79809,0
-1.2615,0.11435,0
0.70156,-0.71261,0
-0.63687,1.0949,0
0.27708,0.96085,0
-0.99937,0.035448,0
1.5039,0.29875,0
0.59323,-1.1192,0
-0.11332,1.2616,0
-0.43994,-0.89803,0
0.3447,-1.2189,0
-0.41527,-0.9097,0
-0.58392,-0.81181,0
0.07945,0.99684,0
-0.98994,0.1415,0
1.1669,-0.49267,0
0.085666,1.5309,0
0.38959,1.483,0
-0.21578,1.5181,0
0.16151,-0.98687,0
-0.62004,1.1045,0
-1.0102,-0.76418,0
0.51024,1.1594,0
1.3076,0.80083,0
-0.36178,0.93226,0
0.11986,0.99279,0
1.2904,-0.8282,0
0.92239,-0.38625,0
1.5027,0.30508,0
-1.2755,-0.85105,0
1.4756,0.41683,0
-1.3658,0.69695,0
-1.255,-0.17123,0
0.82436,-1.2929,0
-0.8955,-0.89584,0
-0.041415,1.266,0
0.82599,-0.56369,0
0.10849,-0.9941,0
-1.1697,-0.48595,0
1.2242,-0.92331,0
-1.0361,1.1303,0
-0.6634,1.079,0
-0.73387,-0.67929,0
1.0825,0.65772,0
-0.70931,0.70489,0
0.48561,1.1699,0
0.47019,-1.1762,0
-0.25652,-1.5117,0
-0.57736,-1.1274,0
1.3148,-0.78896,0
0.43123,-0.90224,0
-1.462,-0.46213,0
1.526,0.14949,0
1.049,0.70991,0
-1.2612,-0.11729,0
0.95576,-0.29414,0
0.55197,-0.83387,0
1.1625,-0.50296,0
1.249,-0.21061,0
-1.0672,1.101,0
-0.5458,1.143,0
0.26269,-1.2391,0
0.29785,1.2311,0
0.96724,-0.25385,0
0.90545,-0.42445,0
-1.0193,1.1455,0
-0.56163,0.82739,0
-0.35241,-0.93585,0
-0.31939,-1.4997,0
0.31107,-0.95039,0
-0.83175,-0.55515,0
1.0378,0.72622,0
-1.1791,-0.46266,0
0.96357,0.26745,0
0.047933,-0.99885,0
-0.5377,-0.84314,0
-0.81101,-0.58503,0
0.18246,1.2535,0
-0.28629,-1.2339,0
-0.15952,-0.98719,0
-0.70682,1.0511,0
1.501,0.31331,0
0.70283,-1.0538,0
0.19505,-1.5209,0
-1.5305,-0.092881,0
-0.33836,-1.2206,0
0.32405,-1.2245,0
-0.61488,1.1074,0
1.0849,-0.65384,0
-1.3587,-0.71071,0
-0.29886,1.2309,0
-0.16218,1.5247,0
0.97689,-0.80631,0
-0.84422,0.94432,0
0.58771,0.80907,0
1.447,-0.50735,0
-0.58353,-0.81209,0
1.2588,-0.14125,0
0.34562,0.93837,0
0.72805,-1.3495,0
-0.99924,0.038933,0
-0.8417,-0.53995,0
1.4727,0.42677,0
-0.9191,-0.39402,0
-0.66814,-0.74403,0
-1.2666,0.015123,0
1.427,0.56108,0
-1.5264,-0.14586,0
1.1966,0.41552,0
0.85093,-1.2756,0
-1.27,-0.85925,0
-0.55532,-1.4292,0
-0.76227,-1.0116,0
-0.714,-0.70014,0
0.95827,-0.28587,0
0.56123,1.1355,0
-1.251,0.1989,0
0.69479,-1.0591,0
-1.2664,0.024165,0
0.098626,-1.2628,0
0.65393,1.3869,0
-0.35863,-0.93348,0
1.0879,-0.64872,0
0.66076,1.0807,0
-1.3795,0.66941,0
1.4806,0.39858,0
0.23276,1.5156,0
-0.63689,-1.0949,0
1.059,-1.1088,0
-0.8597,1.2697,0
1.2481,0.21583,0
0.82808,-0.56061,0
-1.2458,0.22904,0
1.0715,-0.67559,0
-0.72157,1.3529,0
-0.36167,-0.93231,0
0.994,0.10941,0
-1.2629,-0.098166,0
-0.49171,0.87076,0
-0.51505,0.85716,0
1.2126,-0.36601,0
0.0031756,-0.99999,0
-0.6374,1.0946,0
-1.0296,-1.1363,0
-1.0925,0.64104,0
-0.88669,-0.46237,0
1.484,-0.38598,0
-1.1447,-1.0201,0
0.7408,1.0275,0
0.66705,-1.0768,0
-0.18898,-1.2525,0
0.77511,0.63182,0
0.66961,1.0752,0
-0.36872,1.2118,0
-1.36,0.70826,0
-1.509,-0.2723,0
-0.19892,1.251,0
0.47046,-0.88242,0
0.2656,-0.96408,0
-0.1883,1.2526,0
-0.94648,-0.8418,0
1.0175,0.75448,0
-0.48196,-0.8762,0
-0.72767,1.0368,0
-0.61374,-1.108,0
-0.3557,1.2157,0
-0.42334,-0.90597,0
-1.2043,0.9491,0
-1.1925,0.96382,0
0.26712,0.96366,0
-0.20192,-1.2505,0
0.42183,-0.90668,0
0.89517,-0.44573,0
-1.5273,-0.13586,0
0.34969,0.93687,0
-0.79817,-0.60243,0
0.49047,1.4528,0
-1.0712,0.67607,0
0.76419,-1.0102,0
-1.3836,0.66085,0
0.89288,-0.4503,0
-1.0711,1.0972,0
-0.48986,-1.453,0
-0.84892,-0.52851,0
0.80581,0.59218,0
-1.0796,0.66254,0
0.89017,-0.45562,0
0.9397,0.34199,0
-0.94511,0.84333,0
0.07445,1.2645,0
0.13898,0.9903,0
-0.95585,1.1989,0
1.1253,-0.58141,0
-1.5331,-0.024069,0
0.3283,-0.94457,0
-0.90339,1.239,0
-1.2242,0.32515,0
1.4615,-0.46377,0
0.84963,0.93945,0
1.1451,0.54153,0
-0.27246,-0.96217,0
1.3943,-0.63798,0
0.98154,0.80064,0
-0.88799,-1.25,0
0.93168,1.2178,0
-0.34486,-0.93865,0
-0.89221,-0.89912,0
1.2192,0.34362,0
0.45476,-1.4643,0
0.99625,-0.086532,0
-1.4138,0.5935,0
-0.85986,1.2695,0
0.95335,0.30187,0
0.23794,1.5148,0
-1.3389,-0.74723,0
-1.2327,-0.91196,0
-0.024262,1.5331,0
-0.7163,-1.0447,0
1.1774,0.467,0
0.93094,-0.36517,0
1.2814,0.84208,0
-0.77204,1.3248,0
-0.58244,-0.81288,0
-1.5329,-0.037673,0
-1.2428,-0.24458,0
-0.91857,0.87216,0
0.15012,-1.2577,0
-0.25695,1.2403,0
-0.7492,-1.0213,0
0.88283,-0.46968,0
-0.6149,1.1074,0
0.38813,-0.92161,0
0.23427,-0.97217,0
0.89947,0.89185,0
0.69618,1.0582,0
-1.3198,0.78054,0
-0.38365,-0.92348,0
-0.84019,-1.2826,0
-0.65306,-1.3873,0
1.2645,0.074662,0
1.0594,1.1085,0
0.13381,-1.5275,0
0.69154,-1.0612,0
-0.029396,-1.5331,0
1.4411,-0.52372,0
1.3423,-0.7411,0
0.16837,0.98572,0
-1.5304,-0.09404,0
0.29756,-1.2312,0
-0.99007,-0.1406,0
-1.1348,-1.0312,0
-1.4318,-0.54866,0
-0.11915,-0.99288,0
0.9217,0.38791,0
-1.2654,0.05739,0
0.15936,1.2566,0
-0.80027,1.3079,0
-1.2006,-0.4038,0
-0.060818,-1.5321,0
-1.3064,0.80276,0
-1.2652,-0.060609,0
0.87304,0.91774,0
0.33603,1.4961,0
-0.40767,1.4781,0
-0.95099,0.30922,0
0.061021,0.99814,0
-0.10544,1.2623,0
1.1911,-0.96559,0
-0.85707,-0.51519,0
1.1738,-0.47608,0
-0.93375,-0.85589,0
-0.0057226,1.2667,0
0.79954,0.60061,0
-1.4687,-0.44039,0
-0.93577,0.35262,0
-0.55094,-1.4309,0
0.059275,-0.99824,0
-1.2372,0.90578,0
-1.3978,-0.63023,0
0.34892,1.2177,0
1.1878,-0.44007,0
-1.2626,-0.10181,0
-0.25172,1.5125,0
0.16555,1.2558,0
1.2117,-0.36919,0
-0.56964,-1.4236,0
-0.33138,-1.2226,0
-0.84648,-1.2785,0
0.22927,-1.2457,0
-1.1082,-0.61349,0
-1.2664,-0.025706,0
1.1093,-1.0585,0
-0.99078,0.78918,0
0.070926,1.5317,0
-0.25005,1.2417,0
1.2669,-0.86368,0
-0.29299,-0.95612,0
0.92492,-1.223,0
-1.109,1.0588,0
-0.84941,-0.93966,0
0.98041,0.19698,0
1.3438,-0.73841,0
-1.5057,0.28971,0
-1.2568,-0.15799,0
0.10231,-0.99475,0
-0.51561,0.85683,0
-0.89011,-0.9012,0
-0.7124,1.3578,0
-0.57436,1.4217,0
-0.60754,-0.79429,0
-1.1583,0.51259,0
1.0111,0.76299,0
0.086906,0.99622,0
1.5093,-0.27043,0
-0.48392,-1.455,0
-0.6824,-1.0671,0
-0.46012,0.88786,0
1.2569,0.15735,0
-0.90356,-0.42846,0
0.97405,0.22632,0
-0.11717,1.2612,0
0.36427,0.93129,0
-0.94969,0.3132,0
0.14813,-1.258,0
-1.064,-1.104,0
-0.39542,0.9185,0
-0.40036,1.4801,0
1.1167,0.5979,0
0.47102,0.88213,0
-0.27519,-1.5084,0
1.0718,0.675,0
0.8696,-0.49375,0
-1.145,0.54165,0
0.87714,0.48023,0
-0.89901,-0.43793,0
0.75361,-1.3354,0
-0.57433,0.81863,0
0.28627,-1.5064,0
-0.3968,-1.4811,0
-1.2897,-0.82925,0
-1.0977,1.0706,0
-1.2046,0.94871,0
-0.90025,0.43537,0
-1.3575,0.71301,0
0.24575,1.2426,0
-1.2664,0.025747,0
1.4855,0.38011,0
-0.91821,-0.39609,0
1.4608,0.46597,0
0.69493,-0.71908,0
0.97757,-1.1813,0
-0.80738,1.3036,0
0.98672,-0.16245,0
0.9599,-0.28035,0
0.99745,-0.071435,0
0.69398,1.0596,0
1.5331,0.028114,0
0.014485,1.2666,0
-0.56877,0.8225,0
0.13236,1.2597,0
0.056744,-1.5323,0
0.19085,1.2522,0
-0.94799,0.3183,0
-0.075122,1.2644,0
-0.86818,1.2639,0
0.81979,-0.57266,0
1.5285,0.12223,0
0.6743,0.73846,0
-0.7627,0.64676,0
0.53912,-0.84223,0
0.22876,0.97348,0
1.4081,-0.60689,0
1.5058,-0.28921,0
-0.70825,0.70596,0
1.5264,-0.14561,0
1.1039,1.0642,0
0.068793,-0.99763,0
-0.87823,-0.47824,0
-0.91703,-0.87378,0
-1.5302,0.0972,0
0.23383,1.2449,0
0.78178,0.99663,0
-1.0127,-1.1513,0
0.32342,-0.94626,0
-0.61271,-1.1086,0
-0.98412,0.17748,0
1.1904,-0.43297,0
-1.0631,-0.68864,0
0.1844,1.2532,0
-0.40381,-0.91485,0
-0.54395,1.1439,0
-0.0067949,-0.99998,0
1.2666,-0.014777,0
-0.15665,1.2569,0
1.395,-0.63652,0
-0.33053,-0.9438,0
1.0465,0.71368,0
0.039764,1.5328,0
1.1614,-0.50555,0
-1.2565,0.16046,0
1.1343,-1.0318,0
0.18304,-0.9831,0
1.5232,0.17576,0
0.13008,-0.9915,0
-0.49722,-1.165,0
0.67379,-0.73892,0
-0.87476,-0.48456,0
-0.70218,-0.712,0
1.1744,0.98587,0
0.22614,0.97409,0
1.2337,0.28694,0
-1.1906,0.43247,0
-0.70965,1.3592,0
-0.23219,0.97267,0
-1.533,0.034179,0
0.52701,1.1518,0
0.91471,-0.4041,0
1.1782,-0.46495,0
-1.0632,-0.68852,0
1.2667,0.0064355,0
1.0386,-0.72504,0
-0.5184,-1.1557,0
1.3712,0.68624,0
1.5329,-0.034833,0
-0.60416,1.4093,0
0.46051,-1.18,0
-0.97081,0.23985,0
-1.3092,-0.79822,0
-1.2541,0.17772,0
-1.4508,-0.49625,0
0.6934,1.3676,0
-1.3087,-0.79907,0
0.71328,1.0467,0
-0.94184,0.33606,0
-1.4907,-0.35909,0
-1.2305,0.30034,0
0.63868,-1.0939,0
1.2663,-0.030461,0
1.2475,-0.21978,0
-0.025574,-0.99967,0
0.30927,0.95097,0
1.4936,0.34697,0
0.57694,1.4207,0
-1.1193,-0.59304,0
-0.87706,-0.91389,0
-1.0124,1.1516,0
-0.65394,-0.75655,0
0.98251,-0.79945,0
-0.022104,0.99976,0
-0.22647,0.97402,0
0.70524,0.70897,0
-1.5087,-0.27381,0
0.54483,-1.1435,0
-0.30767,0.95149,0
0.29708,-1.2313,0
-1.1688,0.48831,0
-0.95,-0.31224,0
1.5275,-0.13361,0
-0.46791,-1.1771,0
0.98245,-0.18654,0
0.82365,0.56709,0
1.0158,-0.75676,0
0.93333,0.35901,0
0.90508,0.88615,0
-0.86287,-0.9273,0
-0.8677,0.92279,0
-0.42335,0.90597,0
0.35869,-1.2148,0
-0.4043,1.2004,0
-0.98874,-0.79174,0
-1.4898,0.36289,0
-0.26443,0.9644,0
0.75902,-1.3323,0
-1.1443,-0.54311,0
1.3853,0.65729,0
-0.12959,1.26,0
0.47693,0.87894,0
-0.92906,-0.36992,0
0.2965,0.95503,0
-0.99885,0.04793,0
-0.16375,-1.256,0
0.96029,-0.27901,0
0.077634,-0.99698,0
1.1097,0.6107,0
1.4194,-0.58013,0
0.98717,-0.1597,0
-0.78196,-0.62333,0
0.96455,-0.2639,0
-0.48533,0.87433,0
1.2473,-0.89177,0
1.2667,0.0029099,0
-1.2597,0.13282,0
0.76069,1.0128,0
-0.60889,1.4073,0
0.47416,0.88044,0
-0.8344,-0.55116,0
-0.54846,-0.83618,0
-0.5825,0.81283,0
0.94363,0.331,0
0.9564,0.29205,0
1.4399,0.52717,0
1.3811,0.66601,0
1.2605,0.12456,0
1.5124,-0.25243,0
-0.09538,-0.99544,0
0.018986,-1.2665,0
1.239,0.2632,0
1.1334,1.0327,0
-0.10881,1.5295,0
0.78379,-0.62103,0
1.5098,-0.26779,0
1.2658,-0.047153,0
-0.87604,1.2584,0
-0.40277,1.4795,0
0.38415,0.92327,0
-0.06599,-1.5319,0
-0.19959,-0.97988,0
0.47446,1.1745,0
-1.4031,0.61834,0
0.95925,0.28257,0
-0.70885,-1.0497,0
0.19381,-0.98104,0
0.82505,-0.96111,0
0.3378,-1.4957,0
-1.1577,0.51404,0
-0.73043,1.0349,0
1.4414,0.52292,0
0.64799,-1.3897,0
1.2054,0.94769,0
1.5322,0.058504,0
-0.1567,0.98765,0
1.4353,-0.53955,0
-0.70247,-1.363,0
-1.1544,1.0092,0
0.95454,-1.2,0
-0.45497,-0.89051,0
-0.77808,-0.62817,0
-0.92844,0.37148,0
0.97056,-0.24086,0
0.67809,-1.3752,0
1.53,0.10108,0
0.79745,0.98413,0
-1.5244,0.16529,0
-0.87443,-0.48516,0
-0.40915,1.4777,0
-1.1744,0.47466,0
-1.2306,0.91474,0
0.99724,1.1647,0
0.95628,-0.29247,0
-0.80768,0.97576,0
0.5197,-0.85435,0
1.2242,0.32529,0
-1.1244,0.58333,0
0.88918,0.45756,0
-0.59846,1.4117,0
1.1944,-0.4217,0
0.93601,-1.2145,0
0.58545,1.1233,0
-1.4945,-0.34279,0
-0.27832,0.96049,0
1.2566,-0.87874,0
1.1046,0.61987,0
0.23329,-0.97241,0
0.70119,1.3636,0
-0.28743,-1.5062,0
0.11281,0.99362,0
0.33702,1.221,0
0.32383,1.4987,0
0.98928,-0.14606,0
-0.73687,0.67603,0
-0.83594,-0.95166,0
0.95751,0.28841,0
0.17239,1.5236,0
1.0831,-1.0853,0
-1.4855,0.37999,0
1.533,0.029513,0
-1.4963,0.33504,0
0.68814,-1.3702,0
0.87797,-0.91302,0
-0.31543,0.94895,0
0.11124,1.2618,0
0.6212,-1.1039,0
-1.171,0.48287,0
-1.5318,-0.068258,0
0.49959,1.164,0
0.88955,1.2489,0
1.0556,-0.70004,0
1.5317,-0.069825,0
-0.77084,0.63703,0
0.71162,-1.3582,0
1.4699,-0.4365,0
0.78567,-0.61864,0
0.82977,-1.2894,0
-0.6241,-1.4006,0
0.72348,1.3519,0
0.11981,1.5286,0
-1.4045,0.61527,0
1.251,0.19864,0
-0.17923,1.5228,0
1.2568,-0.1575,0
-0.58849,1.4159,0
-0.90009,-0.43571,0
-1.1712,-0.98968,0
0.81466,-0.57994,0
-1.2177,0.93185,0
-0.44575,-1.1856,0
0.35732,1.2152,0
1.1692,0.48733,0
-0.91026,-0.88084,0
-0.58215,-1.4185,0
-0.44427,1.4676,0
-1.3809,-0.66644,0
-0.51197,1.1586,0
0.55996,-1.4274,0
-0.84063,0.94752,0
-0.4849,-1.4546,0
-1.0253,-1.1401,0
0.97534,-0.22072,0
0.30425,0.95259,0
-1.2507,-0.88701,0
1.0955,0.63588,0
-1.474,-0.42237,0
0.871,-1.2619,0
0.96748,0.25294,0
-0.47823,0.87824,0
-0.32002,-1.2256,0
0.80931,-0.9744,0
-1.2666,-0.0071518,0
1.266,-0.041699,0
-0.90116,0.43349,0
-0.13777,1.2592,0
-1.2484,0.21423,0
0.53133,0.84716,0
0.54166,0.8406,0
-0.17632,1.5232,0
0.068573,-1.5318,0
-1.1865,-0.97124,0
0.97849,-0.20627,0
0.18494,-1.2531,0
-0.89702,-0.442,0
-1.459,0.47178,0
-0.3538,1.492,0
0.022992,-1.5332,0
0.82934,0.55874,0
0.78323,0.62173,0
-0.14532,-1.5264,0
-0.77378,1.0028,0
-1.1076,-0.61464,0
-0.46333,1.4617,0
-0.34688,-1.4936,0
-0.63977,0.76856,0
-0.24938,-1.2419,0
1.2661,-0.037212,0
1.3261,0.76972,0
-1.5028,0.30428,0
1.2746,0.8523,0
-0.15538,-0.98786,0
1.3051,-0.8049,0
1.3128,0.79223,0
-1.2567,-0.15837,0
-1.4503,-0.49787,0
-0.50197,-1.163,0
-0.47066,1.4593,0
-1.0159,-0.75657,0
0.48751,1.4538,0
-0.84781,-1.2776,0
-0.40384,-1.2006,0
-1.4844,0.38431,0
0.84055,1.2824,0
-1.3519,0.72357,0
-0.82334,-0.56755,0
-0.43899,0.89849,0
0.6153,-1.1072,0
0.71732,0.69675,0
-0.0074185,0.99997,0
0.92414,-0.38206,0
-0.8602,-1.2693,0
0.018289,-0.99983,0
0.57214,-1.4226,0
1.4629,0.45939,0
-1.3184,0.78294,0
-0.19431,-1.2517,0
0.64204,0.76667,0
-1.0315,-1.1345,0
0.030505,1.533,0
0.82138,-1.2948,0
0.79434,-1.3115,0
-1.4672,0.44559,0
-0.99968,0.77787,0
1.23,-0.30269,0
0.99868,0.051363,0
-1.0174,0.75454,0
-1.2629,0.097221,0
-0.73693,-0.67597,0
1.1461,0.53939,0
0.62432,0.78117,0
-0.71705,-1.0442,0
0.25047,1.2417,0
0.92808,0.86204,0
0.96349,0.26773,0
0.50602,0.86252,0
-0.99757,-0.069724,0
1.0303,-1.1356,0
0.12919,-1.2601,0
0.66154,0.74991,0
0.91795,0.39669,0
-0.46824,-0.8836,0
-1.5238,0.17107,0
-1.2661,0.036462,0
-0.59553,1.413,0
-0.44558,0.89524,0
0.84129,-0.54059,0
-0.95171,0.307,0
-0.010857,-1.2666,0
0.39569,0.91839,0
1.3202,0.77988,0
0.26673,0.96377,0
-1.1809,-0.45826,0
-0.52678,-0.85,0
0.92795,-0.37272,0
1.2264,0.3169,0
0.79163,1.3132,0
-1.1721,0.48015,0
-0.45772,0.88909,0
1.0698,0.67826,0
0.56732,-1.4245,0
-0.80739,0.59002,0
-0.85936,-1.2699,0
-0.91309,-0.40775,0
0.99981,0.019614,0
-0.7358,-1.031,0
-0.62745,1.3991,0
-0.15325,1.5257,0
-1.2278,0.31155,0
-0.71523,-0.69889,0
0.49078,-1.4527,0
-1.4215,-0.57487,0
1.2513,0.19661,0
0.41427,-1.4763,0
-0.22166,1.5172,0
0.44226,-0.89689,0
-0.37655,-0.9264,0
-1.218,-0.93141,0
-0.75816,0.65207,0
0.91641,0.40023,0
1.2666,-0.011195,0
-0.81309,-1.3,0
0.13049,0.99145,0
1.2829,0.83986,0
0.07176,1.2646,0
1.2549,-0.88113,0
0.25805,1.2401,0
-0.99173,0.12831,0
1.2906,-0.82787,0
0.53042,1.4387,0
-1.1996,0.40662,0
-1.1322,-1.0341,0
-1.2724,-0.85558,0
-0.63877,-1.0938,0
-0.16998,1.5239,0
-1.3612,0.70583,0
0.3863,-1.2063,0
1.3967,-0.63263,0
-1.5057,0.28998,0
-0.43881,1.1882,0
-1.4234,0.57008,0
-0.34971,0.93686,0
-0.23999,1.5144,0
0.64347,0.76547,0
0.63415,1.0965,0
-1.5322,0.058298,0
1.0838,0.6556,0
0.89619,-0.44367,0
0.5955,0.80335,0
0.53328,0.84594,0
-0.25512,-1.2407,0
-0.45458,-0.89071,0
-0.79829,0.98345,0
0.84278,0.53825,0
1.5313,0.079428,0
-0.88308,0.90808,0
0.23837,-0.97117,0
-1.45,0.49862,0
0.8104,0.58588,0
0.34365,-0.9391,0
-0.68237,-1.0672,0
-1.4652,0.45211,0
-1.2389,-0.26358,0
-1.2489,-0.21123,0
-0.86894,-0.92162,0
-0.92784,-1.2208,0
0.35741,0.93395,0
0.48967,-1.453,0
0.32943,0.94418,0
-1.3013,0.81105,0
0.08977,0.99596,0
-0.17615,1.2544,0
1.2648,0.068956,0
0.90018,-0.43553,0
-1.521,-0.19428,0
-0.9747,0.2235,0
-0.98909,-0.1473,0
-0.65716,1.0829,0
-0.75869,1.3325,0
1.2632,-0.093129,0
-0.9864,0.16439,0
-0.03024,-1.533,0
-0.61051,-1.1098,0
0.28256,-0.95925,0
-0.14117,0.98999,0
-0.32428,1.4987,0
-0.31324,-1.501,0
0.5057,1.1613,0
0.63588,-1.0955,0
0.4836,0.87529,0
0.9572,-0.28944,0
-0.17163,-0.98516,0
1.0194,1.1454,0
0.7643,-1.0101,0
0.9093,-0.41613,0
-0.91978,-0.39244,0
-0.80465,0.59375,0
-1.1824,0.45441,0
-0.29896,-0.95427,0
-0.079876,1.2641,0
1.2464,0.22584,0
1.4521,-0.49243,0
1.2663,-0.030487,0
0.28243,-1.5071,0
0.99778,-0.066544,0
-1.5286,0.1198,0
0.87873,0.9123,0
-1.4951,0.34043,0
-0.058949,-1.2653,0
-0.70989,-1.3591,0
0.88991,-0.90139,0
0.079451,-1.5313,0
-1.1362,-1.0296,0
-0.19671,1.2513,0
-0.6542,1.0846,0
0.64974,-1.0873,0
-0.95479,0.83236,0
1.1087,0.61264,0
0.66406,-0.74768,0
-1.1637,0.50032,0
0.59566,1.1179,0
0.99964,0.026992,0
-0.72836,-1.0363,0
-0.68312,0.7303,0
-0.90183,0.88946,0
-0.93285,0.36027,0
-0.99487,-0.10114,0
-0.47488,1.4579,0
-0.99074,0.13579,0
1.5322,0.060168,0
0.47383,0.88062,0
-0.5063,1.4473,0
-0.044046,-1.2659,0
-1.3395,-0.74622,0
-0.46275,-1.4618,0
0.42655,-1.1927,0
0.75725,-1.0154,0
0.93568,0.85378,0
-0.697,-1.0577,0
0.028433,-1.5331,0
-0.29627,-0.9551,0
-0.7897,-0.61349,0
1.2302,0.30163,0
0.51804,1.4432,0
-0.4855,0.87424,0
-0.62361,-0.78174,0
0.20338,0.9791,0
1.1216,0.58856,0
1.5219,-0.18654,0
0.41149,1.4771,0
0.99447,-0.10503,0
-0.76903,-0.63922,0
0.012701,0.99992,0
-0.99364,-0.11259,0
-0.23142,-0.97285,0
-0.078494,1.2642,0
0.75141,0.65983,0
-1.4593,-0.4708,0
0.2977,1.5042,0
-0.48235,1.1712,0
0.98579,-0.16801,0
-0.46029,1.1801,0
1.1951,-0.41971,0
-1.0719,0.67493,0
1.264,0.082184,0
-0.36853,0.92962,0
0.86021,1.2693,0
0.99931,-0.037172,0
-1.2053,0.38961,0
-1.4719,-0.42981,0
-0.098047,1.2629,0
0.73981,-0.67282,0
1.2229,0.92496,0
0.44593,-0.89507,0
-1.3756,0.67738,0
1.3453,-0.73578,0
-1.2471,-0.22179,0
0.87192,-0.9188,0
4.2094,0,1
4.2521,0,1
4.2949,0,1
4.3376,0,1
4.3803,0,1
4.4231,0,1
4.4658,0,1
4.5085,0,1
4.5513,0,1
4.594,0,1
4.6368,0,1
4.6795,0,1
4.7222,0,1
4.765,0,1
4.8077,0,1
4.8504,0,1
4.8932,0,1
4.9359,0,1
4.9786,0,1
5.0214,0,1
5.0641,0,1
5.1068,0,1
5.1496,0,1
5.1923,0,1
5.235,0,1
5.2778,0,1
5.3205,0,1
5.3632,0,1
5.406,0,1
5.4487,0,1
5.4915,0,1
5.5342,0,1
5.5769,0,1
5.6197,0,1
5.6624,0,1
5.7051,0,1
5.7479,0,1
5.7906,0,1
4.1466,0.4084,1
4.1891,0.41259,1
4.2317,0.41678,1
4.2742,0.42097,1
4.3167,0.42516,1
4.3592,0.42935,1
4.4018,0.43354,1
4.4443,0.43773,1
4.4868,0.44191,1
4.5294,0.4461,1
4.5719,0.45029,1
4.6144,0.45448,1
4.657,0.45867,1
4.6995,0.46286,1
4.742,0.46705,1
4.7845,0.47124,1
4.8271,0.47543,1
4.8696,0.47961,1
4.9121,0.4838,1
4.9547,0.48799,1
4.9972,0.49218,1
5.0397,0.49637,1
5.0822,0.50056,1
5.1248,0.50475,1
5.1673,0.50894,1
5.2098,0.51312,1
5.2524,0.51731,1
5.2949,0.5215,1
5.3374,0.52569,1
5.38,0.52988,1
5.4225,0.53407,1
5.465,0.53826,1
5.5075,0.54245,1
5.5501,0.54663,1
5.5926,0.55082,1
5.6351,0.55501,1
5.6777,0.5592,1
5.7202,0.56339,1
5.7627,0.56758,1
4.0866,0.81288,1
4.1285,0.82121,1
4.1704,0.82955,1
4.2123,0.83789,1
4.2543,0.84623,1
4.2962,0.85456,1
4.3381,0.8629,1
4.38,0.87124,1
4.4219,0.87957,1
4.4638,0.88791,1
4.5057,0.89625,1
4.5477,0.90459,1
4.5896,0.91292,1
4.6315,0.92126,1
4.6734,0.9296,1
4.7153,0.93793,1
4.7572,0.94627,1
4.7991,0.95461,1
4.8411,0.96295,1
4.883,0.97128,1
4.9249,0.97962,1
4.9668,0.98796,1
5.0087,0.99629,1
5.0506,1.0046,1
5.0925,1.013,1
5.1345,1.0213,1
5.1764,1.0296,1
5.2183,1.038,1
5.2602,1.0463,1
5.3021,1.0547,1
5.344,1.063,1
5.3859,1.0713,1
5.4279,1.0797,1
5.4698,1.088,1
5.5117,1.0963,1
5.5536,1.1047,1
5.5955,1.113,1
5.6374,1.1214,1
5.6793,1.1297,1
3.9873,1.2095,1
4.0281,1.2219,1
4.069,1.2343,1
4.1099,1.2467,1
4.1508,1.2591,1
4.1917,1.2715,1
4.2326,1.284,1
4.2735,1.2964,1
4.3144,1.3088,1
4.3553,1.3212,1
4.3962,1.3336,1
4.4371,1.346,1
4.478,1.3584,1
4.5189,1.3708,1
4.5598,1.3832,1
4.6007,1.3956,1
4.6416,1.408,1
4.6825,1.4204,1
4.7234,1.4328,1
4.7643,1.4452,1
4.8051,1.4576,1
4.846,1.47,1
4.8869,1.4824,1
4.9278,1.4948,1
4.9687,1.5072,1
5.0096,1.5197,1
5.0505,1.5321,1
5.0914,1.5445,1
5.1323,1.5569,1
5.1732,1.5693,1
5.2141,1.5817,1
5.255,1.5941,1
5.2959,1.6065,1
5.3368,1.6189,1
5.3777,1.6313,1
5.4186,1.6437,1
5.4595,1.6561,1
5.5004,1.6685,1
5.5413,1.6809,1
3.8495,1.5945,1
3.889,1.6109,1
3.9285,1.6272,1
3.9679,1.6436,1
4.0074,1.6599,1
4.0469,1.6763,1
4.0864,1.6926,1
4.1259,1.709,1
4.1654,1.7253,1
4.2048,1.7417,1
4.2443,1.7581,1
4.2838,1.7744,1
4.3233,1.7908,1
4.3628,1.8071,1
4.4022,1.8235,1
4.4417,1.8398,1
4.4812,1.8562,1
4.5207,1.8725,1
4.5602,1.8889,1
4.5997,1.9052,1
4.6391,1.9216,1
4.6786,1.9379,1
4.7181,1.9543,1
4.7576,1.9707,1
4.7971,1.987,1
4.8365,2.0034,1
4.876,2.0197,1
4.9155,2.0361,1
4.955,2.0524,1
4.9945,2.0688,1
5.034,2.0851,1
5.0734,2.1015,1
5.1129,2.1178,1
5.1524,2.1342,1
5.1919,2.1506,1
5.2314,2.1669,1
5.2709,2.1833,1
5.3103,2.1996,1
5.3498,2.216,1
3.6747,1.9642,1
3.7124,1.9843,1
3.75,2.0044,1
3.7877,2.0246,1
3.8254,2.0447,1
3.8631,2.0649,1
3.9008,2.085,1
3.9385,2.1052,1
3.9762,2.1253,1
4.0139,2.1455,1
4.0516,2.1656,1
4.0893,2.1857,1
4.1269,2.2059,1
4.1646,2.226,1
4.2023,2.2462,1
4.24,2.2663,1
4.2777,2.2865,1
4.3154,2.3066,1
4.3531,2.3268,1
4.3908,2.3469,1
4.4285,2.3671,1
4.4661,2.3872,1
4.5038,2.4073,1
4.5415,2.4275,1
4.5792,2.4476,1
4.6169,2.4678,1
4.6546,2.4879,1
4.6923,2.5081,1
4.73,2.5282,1
4.7677,2.5484,1
4.8053,2.5685,1
4.843,2.5887,1
4.8807,2.6088,1
4.9184,2.6289,1
4.9561,2.6491,1
4.9938,2.6692,1
5.0315,2.6894,1
5.0692,2.7095,1
5.1069,2.7297,1
3.4645,2.3149,1
3.5,2.3386,1
3.5355,2.3624,1
3.5711,2.3861,1
3.6066,2.4098,1
3.6421,2.4336,1
3.6777,2.4573,1
3.7132,2.4811,1
3.7487,2.5048,1
3.7843,2.5286,1
3.8198,2.5523,1
3.8553,2.576,1
3.8909,2.5998,1
3.9264,2.6235,1
3.9619,2.6473,1
3.9975,2.671,1
4.033,2.6948,1
4.0685,2.7185,1
4.104,2.7422,1
4.1396,2.766,1
4.1751,2.7897,1
4.2106,2.8135,1
4.2462,2.8372,1
4.2817,2.8609,1
4.3172,2.8847,1
4.3528,2.9084,1
4.3883,2.9322,1
4.4238,2.9559,1
4.4594,2.9797,1
4.4949,3.0034,1
4.5304,3.0271,1
4.566,3.0509,1
4.6015,3.0746,1
4.637,3.0984,1
4.6726,3.1221,1
4.7081,3.1459,1
4.7436,3.1696,1
4.7792,3.1933,1
4.8147,3.2171,1
3.2209,2.6433,1
3.2539,2.6704,1
3.2869,2.6975,1
3.32,2.7246,1
3.353,2.7517,1
3.3861,2.7789,1
3.4191,2.806,1
3.4521,2.8331,1
3.4852,2.8602,1
3.5182,2.8873,1
3.5512,2.9144,1
3.5843,2.9415,1
3.6173,2.9686,1
3.6503,2.9957,1
3.6834,3.0229,1
3.7164,3.05,1
3.7494,3.0771,1
3.7825,3.1042,1
3.8155,3.1313,1
3.8485,3.1584,1
3.8816,3.1855,1
3.9146,3.2126,1
3.9476,3.2397,1
3.9807,3.2669,1
4.0137,3.294,1
4.0467,3.3211,1
4.0798,3.3482,1
4.1128,3.3753,1
4.1458,3.4024,1
4.1789,3.4295,1
4.2119,3.4566,1
4.245,3.4837,1
4.278,3.5109,1
4.311,3.538,1
4.3441,3.5651,1
4.3771,3.5922,1
4.4101,3.6193,1
4.4432,3.6464,1
4.4762,3.6735,1
2.9463,2.9463,1
2.9765,2.9765,1
3.0067,3.0067,1
3.0369,3.0369,1
3.0672,3.0672,1
3.0974,3.0974,1
3.1276,3.1276,1
3.1578,3.1578,1
3.188,3.188,1
3.2182,3.2182,1
3.2485,3.2485,1
3.2787,3.2787,1
3.3089,3.3089,1
3.3391,3.3391,1
3.3693,3.3693,1
3.3996,3.3996,1
3.4298,3.4298,1
3.46,3.46,1
3.4902,3.4902,1
3.5204,3.5204,1
3.5506,3.5506,1
3.5809,3.5809,1
3.6111,3.6111,1
3.6413,3.6413,1
3.6715,3.6715,1
3.7017,3.7017,1
3.732,3.732,1
3.7622,3.7622,1
3.7924,3.7924,1
3.8226,3.8226,1
3.8528,3.8528,1
3.883,3.883,1
3.9133,3.9133,1
3.9435,3.9435,1
3.9737,3.9737,1
4.0039,4.0039,1
4.0341,4.0341,1
4.0644,4.0644,1
4.0946,4.0946,1
2.6433,3.2209,1
2.6704,3.2539,1
2.6975,3.2869,1
2.7246,3.32,1
2.7517,3.353,1
2.7789,3.3861,1
2.806,3.4191,1
2.8331,3.4521,1
2.8602,3.4852,1
2.8873,3.5182,1
2.9144,3.5512,1
2.9415,3.5843,1
2.9686,3.6173,1
2.9957,3.6503,1
3.0229,3.6834,1
3.05,3.7164,1
3.0771,3.7494,1
3.1042,3.7825,1
3.1313,3.8155,1
3.1584,3.8485,1
3.1855,3.8816,1
3.2126,3.9146,1
3.2397,3.9476,1
3.2669,3.9807,1
3.294,4.0137,1
3.3211,4.0467,1
3.3482,4.0798,1
3.3753,4.1128,1
3.4024,4.1458,1
3.4295,4.1789,1
3.4566,4.2119,1
3.4837,4.245,1
3.5109,4.278,1
3.538,4.311,1
3.5651,4.3441,1
3.5922,4.3771,1
3.6193,4.4101,1
3.6464,4.4432,1
3.6735,4.4762,1
2.3149,3.4645,1
2.3386,3.5,1
2.3624,3.5355,1
2.3861,3.5711,1
2.4098,3.6066,1
2.4336,3.6421,1
2.4573,3.6777,1
2.4811,3.7132,1
2.5048,3.7487,1
2.5286,3.7843,1
2.5523,3.8198,1
2.576,3.8553,1
2.5998,3.8909,1
2.6235,3.9264,1
2.6473,3.9619,1
2.671,3.9975,1
2.6948,4.033,1
2.7185,4.0685,1
2.7422,4.104,1
2.766,4.1396,1
2.7897,4.1751,1
2.8135,4.2106,1
2.8372,4.2462,1
2.8609,4.2817,1
2.8847,4.3172,1
2.9084,4.3528,1
2.9322,4.3883,1
2.9559,4.4238,1
2.9797,4.4594,1
3.0034,4.4949,1
3.0271,4.5304,1
3.0509,4.566,1
3.0746,4.6015,1
3.0984,4.637,1
3.1221,4.6726,1
3.1459,4.7081,1
3.1696,4.7436,1
3.1933,4.7792,1
3.2171,4.8147,1
1.9642,3.6747,1
1.9843,3.7124,1
2.0044,3.75,1
2.0246,3.7877,1
2.0447,3.8254,1
2.0649,3.8631,1
2.085,3.9008,1
2.1052,3.9385,1
2.1253,3.9762,1
2.1455,4.0139,1
2.1656,4.0516,1
2.1857,4.0893,1
2.2059,4.1269,1
2.226,4.1646,1
2.2462,4.2023,1
2.2663,4.24,1
2.2865,4.2777,1
2.3066,4.3154,1
2.3268,4.3531,1
2.3469,4.3908,1
2.3671,4.4285,1
2.3872,4.4661,1
2.4073,4.5038,1
2.4275,4.5415,1
2.4476,4.5792,1
2.4678,4.6169,1
2.4879,4.6546,1
2.5081,4.6923,1
2.5282,4.73,1
2.5484,4.7677,1
2.5685,4.8053,1
2.5887,4.843,1
2.6088,4.8807,1
2.6289,4.9184,1
2.6491,4.9561,1
2.6692,4.9938,1
2.6894,5.0315,1
2.7095,5.0692,1
2.7297,5.1069,1
1.5945,3.8495,1
1.6109,3.889,1
1.6272,3.9285,1
1.6436,3.9679,1
1.6599,4.0074,1
1.6763,4.0469,1
1.6926,4.0864,1
1.709,4.1259,1
1.7253,4.1654,1
1.7417,4.2048,1
1.7581,4.2443,1
1.7744,4.2838,1
1.7908,4.3233,1
1.8071,4.3628,1
1.8235,4.4022,1
1.8398,4.4417,1
1.8562,4.4812,1
1.8725,4.5207,1
1.8889,4.5602,1
1.9052,4.5997,1
1.9216,4.6391,1
1.9379,4.6786,1
1.9543,4.7181,1
1.9707,4.7576,1
1.987,4.7971,1
2.0034,4.8365,1
2.0197,4.876,1
2.0361,4.9155,1
2.0524,4.955,1
2.0688,4.9945,1
2.0851,5.034,1
2.1015,5.0734,1
2.1178,5.1129,1
2.1342,5.1524,1
2.1506,5.1919,1
2.1669,5.2314,1
2.1833,5.2709,1
2.1996,5.3103,1
2.216,5.3498,1
1.2095,3.9873,1
1.2219,4.0281,1
1.2343,4.069,1
1.2467,4.1099,1
1.2591,4.1508,1
1.2715,4.1917,1
1.284,4.2326,1
1.2964,4.2735,1
1.3088,4.3144,1
1.3212,4.3553,1
1.3336,4.3962,1
1.346,4.4371,1
1.3584,4.478,1
1.3708,4.5189,1
1.3832,4.5598,1
1.3956,4.6007,1
1.408,4.6416,1
1.4204,4.6825,1
1.4328,4.7234,1
1.4452,4.7643,1
1.4576,4.8051,1
1.47,4.846,1
1.4824,4.8869,1
1.4948,4.9278,1
1.5072,4.9687,1
1.5197,5.0096,1
1.5321,5.0505,1
1.5445,5.0914,1
1.5569,5.1323,1
1.5693,5.1732,1
1.5817,5.2141,1
1.5941,5.255,1
1.6065,5.2959,1
1.6189,5.3368,1
1.6313,5.3777,1
1.6437,5.4186,1
1.6561,5.4595,1
1.6685,5.5004,1
1.6809,5.5413,1
0.81288,4.0866,1
0.82121,4.1285,1
0.82955,4.1704,1
0.83789,4.2123,1
0.84623,4.2543,1
0.85456,4.2962,1
0.8629,4.3381,1
0.87124,4.38,1
0.87957,4.4219,1
0.88791,4.4638,1
0.89625,4.5057,1
0.90459,4.5477,1
0.91292,4.5896,1
0.92126,4.6315,1
0.9296,4.6734,1
0.93793,4.7153,1
0.94627,4.7572,1
0.95461,4.7991,1
0.96295,4.8411,1
0.97128,4.883,1
0.97962,4.9249,1
0.98796,4.9668,1
0.99629,5.0087,1
1.0046,5.0506,1
1.013,5.0925,1
1.0213,5.1345,1
1.0296,5.1764,1
1.038,5.2183,1
1.0463,5.2602,1
1.0547,5.3021,1
1.063,5.344,1
1.0713,5.3859,1
1.0797,5.4279,1
1.088,5.4698,1
1.0963,5.5117,1
1.1047,5.5536,1
1.113,5.5955,1
1.1214,5.6374,1
1.1297,5.6793,1
0.4084,4.1466,1
0.41259,4.1891,1
0.41678,4.2317,1
0.42097,4.2742,1
0.42516,4.3167,1
0.42935,4.3592,1
0.43354,4.4018,1
0.43773,4.4443,1
0.44191,4.4868,1
0.4461,4.5294,1
0.45029,4.5719,1
0.45448,4.6144,1
0.45867,4.657,1
0.46286,4.6995,1
0.46705,4.742,1
0.47124,4.7845,1
0.47543,4.8271,1
0.47961,4.8696,1
0.4838,4.9121,1
0.48799,4.9547,1
0.49218,4.9972,1
0.49637,5.0397,1
0.50056,5.0822,1
0.50475,5.1248,1
0.50894,5.1673,1
0.51312,5.2098,1
0.51731,5.2524,1
0.5215,5.2949,1
0.52569,5.3374,1
0.52988,5.38,1
0.53407,5.4225,1
0.53826,5.465,1
0.54245,5.5075,1
0.54663,5.5501,1
0.55082,5.5926,1
0.55501,5.6351,1
0.5592,5.6777,1
0.56339,5.7202,1
0.56758,5.7627,1
2.5513e-16,4.1667,1
2.5775e-16,4.2094,1
2.6037e-16,4.2521,1
2.6299e-16,4.2949,1
2.656e-16,4.3376,1
2.6822e-16,4.3803,1
2.7084e-16,4.4231,1
2.7345e-16,4.4658,1
2.7607e-16,4.5085,1
2.7869e-16,4.5513,1
2.813e-16,4.594,1
2.8392e-16,4.6368,1
2.8654e-16,4.6795,1
2.8915e-16,4.7222,1
2.9177e-16,4.765,1
2.9439e-16,4.8077,1
2.97e-16,4.8504,1
2.9962e-16,4.8932,1
3.0224e-16,4.9359,1
3.0485e-16,4.9786,1
3.0747e-16,5.0214,1
3.1009e-16,5.0641,1
3.127e-16,5.1068,1
3.1532e-16,5.1496,1
3.1794e-16,5.1923,1
3.2055e-16,5.235,1
3.2317e-16,5.2778,1
3.2579e-16,5.3205,1
3.284e-16,5.3632,1
3.3102e-16,5.406,1
3.3364e-16,5.4487,1
3.3625e-16,5.4915,1
3.3887e-16,5.5342,1
3.4149e-16,5.5769,1
3.441e-16,5.6197,1
3.4672e-16,5.6624,1
3.4934e-16,5.7051,1
3.5196e-16,5.7479,1
3.5457e-16,5.7906,1
-0.4084,4.1466,1
-0.41259,4.1891,1
-0.41678,4.2317,1
-0.42097,4.2742,1
-0.42516,4.3167,1
-0.42935,4.3592,1
-0.43354,4.4018,1
-0.43773,4.4443,1
-0.44191,4.4868,1
-0.4461,4.5294,1
-0.45029,4.5719,1
-0.45448,4.6144,1
-0.45867,4.657,1
-0.46286,4.6995,1
-0.46705,4.742,1
-0.47124,4.7845,1
-0.47543,4.8271,1
-0.47961,4.8696,1
-0.4838,4.9121,1
-0.48799,4.9547,1
-0.49218,4.9972,1
-0.49637,5.0397,1
-0.50056,5.0822,1
-0.50475,5.1248,1
-0.50894,5.1673,1
-0.51312,5.2098,1
-0.51731,5.2524,1
-0.5215,5.2949,1
-0.52569,5.3374,1
-0.52988,5.38,1
-0.53407,5.4225,1
-0.53826,5.465,1
-0.54245,5.5075,1
-0.54663,5.5501,1
-0.55082,5.5926,1
-0.55501,5.6351,1
-0.5592,5.6777,1
-0.56339,5.7202,1
-0.56758,5.7627,1
-0.81288,4.0866,1
-0.82121,4.1285,1
-0.82955,4.1704,1
-0.83789,4.2123,1
-0.84623,4.2543,1
-0.85456,4.2962,1
-0.8629,4.3381,1
-0.87124,4.38,1
-0.87957,4.4219,1
-0.88791,4.4638,1
-0.89625,4.5057,1
-0.90459,4.5477,1
-0.91292,4.5896,1
-0.92126,4.6315,1
-0.9296,4.6734,1
-0.93793,4.7153,1
-0.94627,4.7572,1
-0.95461,4.7991,1
-0.96295,4.8411,1
-0.97128,4.883,1
-0.97962,4.9249,1
-0.98796,4.9668,1
-0.99629,5.0087,1
-1.0046,5.0506,1
-1.013,5.0925,1
-1.0213,5.1345,1
-1.0296,5.1764,1
-1.038,5.2183,1
-1.0463,5.2602,1
-1.0547,5.3021,1
-1.063,5.344,1
-1.0713,5.3859,1
-1.0797,5.4279,1
-1.088,5.4698,1
-1.0963,5.5117,1
-1.1047,5.5536,1
-1.113,5.5955,1
-1.1214,5.6374,1
-1.1297,5.6793,1
-1.2095,3.9873,1
-1.2219,4.0281,1
-1.2343,4.069,1
-1.2467,4.1099,1
-1.2591,4.1508,1
-1.2715,4.1917,1
-1.284,4.2326,1
-1.2964,4.2735,1
-1.3088,4.3144,1
-1.3212,4.3553,1
-1.3336,4.3962,1
-1.346,4.4371,1
-1.3584,4.478,1
-1.3708,4.5189,1
-1.3832,4.5598,1
-1.3956,4.6007,1
-1.408,4.6416,1
-1.4204,4.6825,1
-1.4328,4.7234,1
-1.4452,4.7643,1
-1.4576,4.8051,1
-1.47,4.846,1
-1.4824,4.8869,1
-1.4948,4.9278,1
-1.5072,4.9687,1
-1.5197,5.0096,1
-1.5321,5.0505,1
-1.5445,5.0914,1
-1.5569,5.1323,1
-1.5693,5.1732,1
-1.5817,5.2141,1
-1.5941,5.255,1
-1.6065,5.2959,1
-1.6189,5.3368,1
-1.6313,5.3777,1
-1.6437,5.4186,1
-1.6561,5.4595,1
-1.6685,5.5004,1
-1.6809,5.5413,1
-1.5945,3.8495,1
-1.6109,3.889,1
-1.6272,3.9285,1
-1.6436,3.9679,1
-1.6599,4.0074,1
-1.6763,4.0469,1
-1.6926,4.0864,1
-1.709,4.1259,1
-1.7253,4.1654,1
-1.7417,4.2048,1
-1.7581,4.2443,1
-1.7744,4.2838,1
-1.7908,4.3233,1
-1.8071,4.3628,1
-1.8235,4.4022,1
-1.8398,4.4417,1
-1.8562,4.4812,1
-1.8725,4.5207,1
-1.8889,4.5602,1
-1.9052,4.5997,1
-1.9216,4.6391,1
-1.9379,4.6786,1
-1.9543,4.7181,1
-1.9707,4.7576,1
-1.987,4.7971,1
-2.0034,4.8365,1
-2.0197,4.876,1
-2.0361,4.9155,1
-2.0524,4.955,1
-2.0688,4.9945,1
-2.0851,5.034,1
-2.1015,5.0734,1
-2.1178,5.1129,1
-2.1342,5.1524,1
-2.1506,5.1919,1
-2.1669,5.2314,1
-2.1833,5.2709,1
-2.1996,5.3103,1
-2.216,5.3498,1
-1.9642,3.6747,1
-1.9843,3.7124,1
-2.0044,3.75,1
-2.0246,3.7877,1
-2.0447,3.8254,1
-2.0649,3.8631,1
-2.085,3.9008,1
-2.1052,3.9385,1
-2.1253,3.9762,1
-2.1455,4.0139,1
-2.1656,4.0516,1
-2.1857,4.0893,1
-2.2059,4.1269,1
-2.226,4.1646,1
-2.2462,4.2023,1
-2.2663,4.24,1
-2.2865,4.2777,1
-2.3066,4.3154,1
-2.3268,4.3531,1
-2.3469,4.3908,1
-2.3671,4.4285,1
-2.3872,4.4661,1
-2.4073,4.5038,1
-2.4275,4.5415,1
-2.4476,4.5792,1
-2.4678,4.6169,1
-2.4879,4.6546,1
-2.5081,4.6923,1
-2.5282,4.73,1
-2.5484,4.7677,1
-2.5685,4.8053,1
-2.5887,4.843,1
-2.6088,4.8807,1
-2.6289,4.9184,1
-2.6491,4.9561,1
-2.6692,4.9938,1
-2.6894,5.0315,1
-2.7095,5.0692,1
-2.7297,5.1069,1
-2.3149,3.4645,1
-2.3386,3.5,1
-2.3624,3.5355,1
-2.3861,3.5711,1
-2.4098,3.6066,1
-2.4336,3.6421,1
-2.4573,3.6777,1
-2.4811,3.7132,1
-2.5048,3.7487,1
-2.5286,3.7843,1
-2.5523,3.8198,1
-2.576,3.8553,1
-2.5998,3.8909,1
-2.6235,3.9264,1
-2.6473,3.9619,1
-2.671,3.9975,1
-2.6948,4.033,1
-2.7185,4.0685,1
-2.7422,4.104,1
-2.766,4.1396,1
-2.7897,4.1751,1
-2.8135,4.2106,1
-2.8372,4.2462,1
-2.8609,4.2817,1
-2.8847,4.3172,1
-2.9084,4.3528,1
-2.9322,4.3883,1
-2.9559,4.4238,1
-2.9797,4.4594,1
-3.0034,4.4949,1
-3.0271,4.5304,1
-3.0509,4.566,1
-3.0746,4.6015,1
-3.0984,4.637,1
-3.1221,4.6726,1
-3.1459,4.7081,1
-3.1696,4.7436,1
-3.1933,4.7792,1
-3.2171,4.8147,1
-2.6433,3.2209,1
-2.6704,3.2539,1
-2.6975,3.2869,1
-2.7246,3.32,1
-2.7517,3.353,1
-2.7789,3.3861,1
-2.806,3.4191,1
-2.8331,3.4521,1
-2.8602,3.4852,1
-2.8873,3.5182,1
-2.9144,3.5512,1
-2.9415,3.5843,1
-2.9686,3.6173,1
-2.9957,3.6503,1
-3.0229,3.6834,1
-3.05,3.7164,1
-3.0771,3.7494,1
-3.1042,3.7825,1
-3.1313,3.8155,1
-3.1584,3.8485,1
-3.1855,3.8816,1
-3.2126,3.9146,1
-3.2397,3.9476,1
-3.2669,3.9807,1
-3.294,4.0137,1
-3.3211,4.0467,1
-3.3482,4.0798,1
-3.3753,4.1128,1
-3.4024,4.1458,1
-3.4295,4.1789,1
-3.4566,4.2119,1
-3.4837,4.245,1
-3.5109,4.278,1
-3.538,4.311,1
-3.5651,4.3441,1
-3.5922,4.3771,1
-3.6193,4.4101,1
-3.6464,4.4432,1
-3.6735,4.4762,1
-2.9463,2.9463,1
-2.9765,2.9765,1
-3.0067,3.0067,1
-3.0369,3.0369,1
-3.0672,3.0672,1
-3.0974,3.0974,1
-3.1276,3.1276,1
-3.1578,3.1578,1
-3.188,3.188,1
-3.2182,3.2182,1
-3.2485,3.2485,1
-3.2787,3.2787,1
-3.3089,3.3089,1
-3.3391,3.3391,1
-3.3693,3.3693,1
-3.3996,3.3996,1
-3.4298,3.4298,1
-3.46,3.46,1
-3.4902,3.4902,1
-3.5204,3.5204,1
-3.5506,3.5506,1
-3.5809,3.5809,1
-3.6111,3.6111,1
-3.6413,3.6413,1
-3.6715,3.6715,1
-3.7017,3.7017,1
-3.732,3.732,1
-3.7622,3.7622,1
-3.7924,3.7924,1
-3.8226,3.8226,1
-3.8528,3.8528,1
-3.883,3.883,1
-3.9133,3.9133,1
-3.9435,3.9435,1
-3.9737,3.9737,1
-4.0039,4.0039,1
-4.0341,4.0341,1
-4.0644,4.0644,1
-4.0946,4.0946,1
-3.2209,2.6433,1
-3.2539,2.6704,1
-3.2869,2.6975,1
-3.32,2.7246,1
-3.353,2.7517,1
-3.3861,2.7789,1
-3.4191,2.806,1
-3.4521,2.8331,1
-3.4852,2.8602,1
-3.5182,2.8873,1
-3.5512,2.9144,1
-3.5843,2.9415,1
-3.6173,2.9686,1
-3.6503,2.9957,1
-3.6834,3.0229,1
-3.7164,3.05,1
-3.7494,3.0771,1
-3.7825,3.1042,1
-3.8155,3.1313,1
-3.8485,3.1584,1
-3.8816,3.1855,1
-3.9146,3.2126,1
-3.9476,3.2397,1
-3.9807,3.2669,1
-4.0137,3.294,1
-4.0467,3.3211,1
-4.0798,3.3482,1
-4.1128,3.3753,1
-4.1458,3.4024,1
-4.1789,3.4295,1
-4.2119,3.4566,1
-4.245,3.4837,1
-4.278,3.5109,1
-4.311,3.538,1
-4.3441,3.5651,1
-4.3771,3.5922,1
-4.4101,3.6193,1
-4.4432,3.6464,1
-4.4762,3.6735,1
-3.4645,2.3149,1
-3.5,2.3386,1
-3.5355,2.3624,1
-3.5711,2.3861,1
-3.6066,2.4098,1
-3.6421,2.4336,1
-3.6777,2.4573,1
-3.7132,2.4811,1
-3.7487,2.5048,1
-3.7843,2.5286,1
-3.8198,2.5523,1
-3.8553,2.576,1
-3.8909,2.5998,1
-3.9264,2.6235,1
-3.9619,2.6473,1
-3.9975,2.671,1
-4.033,2.6948,1
-4.0685,2.7185,1
-4.104,2.7422,1
-4.1396,2.766,1
-4.1751,2.7897,1
-4.2106,2.8135,1
-4.2462,2.8372,1
-4.2817,2.8609,1
-4.3172,2.8847,1
-4.3528,2.9084,1
-4.3883,2.9322,1
-4.4238,2.9559,1
-4.4594,2.9797,1
-4.4949,3.0034,1
-4.5304,3.0271,1
-4.566,3.0509,1
-4.6015,3.0746,1
-4.637,3.0984,1
-4.6726,3.1221,1
-4.7081,3.1459,1
-4.7436,3.1696,1
-4.7792,3.1933,1
-4.8147,3.2171,1
-3.6747,1.9642,1
-3.7124,1.9843,1
-3.75,2.0044,1
-3.7877,2.0246,1
-3.8254,2.0447,1
-3.8631,2.0649,1
-3.9008,2.085,1
-3.9385,2.1052,1
-3.9762,2.1253,1
-4.0139,2.1455,1
-4.0516,2.1656,1
-4.0893,2.1857,1
-4.1269,2.2059,1
-4.1646,2.226,1
-4.2023,2.2462,1
-4.24,2.2663,1
-4.2777,2.2865,1
-4.3154,2.3066,1
-4.3531,2.3268,1
-4.3908,2.3469,1
-4.4285,2.3671,1
-4.4661,2.3872,1
-4.5038,2.4073,1
-4.5415,2.4275,1
-4.5792,2.4476,1
-4.6169,2.4678,1
-4.6546,2.4879,1
-4.6923,2.5081,1
-4.73,2.5282,1
-4.7677,2.5484,1
-4.8053,2.5685,1
-4.843,2.5887,1
-4.8807,2.6088,1
-4.9184,2.6289,1
-4.9561,2.6491,1
-4.9938,2.6692,1
-5.0315,2.6894,1
-5.0692,2.7095,1
-5.1069,2.7297,1
-3.8495,1.5945,1
-3.889,1.6109,1
-3.9285,1.6272,1
-3.9679,1.6436,1
-4.0074,1.6599,1
-4.0469,1.6763,1
-4.0864,1.6926,1
-4.1259,1.709,1
-4.1654,1.7253,1
-4.2048,1.7417,1
-4.2443,1.7581,1
-4.2838,1.7744,1
-4.3233,1.7908,1
-4.3628,1.8071,1
-4.4022,1.8235,1
-4.4417,1.8398,1
-4.4812,1.8562,1
-4.5207,1.8725,1
-4.5602,1.8889,1
-4.5997,1.9052,1
-4.6391,1.9216,1
-4.6786,1.9379,1
-4.7181,1.9543,1
-4.7576,1.9707,1
-4.7971,1.987,1
-4.8365,2.0034,1
-4.876,2.0197,1
-4.9155,2.0361,1
-4.955,2.0524,1
-4.9945,2.0688,1
-5.034,2.0851,1
-5.0734,2.1015,1
-5.1129,2.1178,1
-5.1524,2.1342,1
-5.1919,2.1506,1
-5.2314,2.1669,1
-5.2709,2.1833,1
-5.3103,2.1996,1
-5.3498,2.216,1
-3.9873,1.2095,1
-4.0281,1.2219,1
-4.069,1.2343,1
-4.1099,1.2467,1
-4.1508,1.2591,1
-4.1917,1.2715,1
-4.2326,1.284,1
-4.2735,1.2964,1
-4.3144,1.3088,1
-4.3553,1.3212,1
-4.3962,1.3336,1
-4.4371,1.346,1
-4.478,1.3584,1
-4.5189,1.3708,1
-4.5598,1.3832,1
-4.6007,1.3956,1
-4.6416,1.408,1
-4.6825,1.4204,1
-4.7234,1.4328,1
-4.7643,1.4452,1
-4.8051,1.4576,1
-4.846,1.47,1
-4.8869,1.4824,1
-4.9278,1.4948,1
-4.9687,1.5072,1
-5.0096,1.5197,1
-5.0505,1.5321,1
-5.0914,1.5445,1
-5.1323,1.5569,1
-5.1732,1.5693,1
-5.2141,1.5817,1
-5.255,1.5941,1
-5.2959,1.6065,1
-5.3368,1.6189,1
-5.3777,1.6313,1
-5.4186,1.6437,1
-5.4595,1.6561,1
-5.5004,1.6685,1
-5.5413,1.6809,1
-4.0866,0.81288,1
-4.1285,0.82121,1
-4.1704,0.82955,1
-4.2123,0.83789,1
-4.2543,0.84623,1
-4.2962,0.85456,1
-4.3381,0.8629,1
-4.38,0.87124,1
-4.4219,0.87957,1
-4.4638,0.88791,1
-4.5057,0.89625,1
-4.5477,0.90459,1
-4.5896,0.91292,1
-4.6315,0.92126,1
-4.6734,0.9296,1
-4.7153,0.93793,1
-4.7572,0.94627,1
-4.7991,0.95461,1
-4.8411,0.96295,1
-4.883,0.97128,1
-4.9249,0.97962,1
-4.9668,0.98796,1
-5.0087,0.99629,1
-5.0506,1.0046,1
-5.0925,1.013,1
-5.1345,1.0213,1
-5.1764,1.0296,1
-5.2183,1.038,1
-5.2602,1.0463,1
-5.3021,1.0547,1
-5.344,1.063,1
-5.3859,1.0713,1
-5.4279,1.0797,1
-5.4698,1.088,1
-5.5117,1.0963,1
-5.5536,1.1047,1
-5.5955,1.113,1
-5.6374,1.1214,1
-5.6793,1.1297,1
-4.1466,0.4084,1
-4.1891,0.41259,1
-4.2317,0.41678,1
-4.2742,0.42097,1
-4.3167,0.42516,1
-4.3592,0.42935,1
-4.4018,0.43354,1
-4.4443,0.43773,1
-4.4868,0.44191,1
-4.5294,0.4461,1
-4.5719,0.45029,1
-4.6144,0.45448,1
-4.657,0.45867,1
-4.6995,0.46286,1
-4.742,0.46705,1
-4.7845,0.47124,1
-4.8271,0.47543,1
-4.8696,0.47961,1
-4.9121,0.4838,1
-4.9547,0.48799,1
-4.9972,0.49218,1
-5.0397,0.49637,1
-5.0822,0.50056,1
-5.1248,0.50475,1
-5.1673,0.50894,1
-5.2098,0.51312,1
-5.2524,0.51731,1
-5.2949,0.5215,1
-5.3374,0.52569,1
-5.38,0.52988,1
-5.4225,0.53407,1
-5.465,0.53826,1
-5.5075,0.54245,1
-5.5501,0.54663,1
-5.5926,0.55082,1
-5.6351,0.55501,1
-5.6777,0.5592,1
-5.7202,0.56339,1
-5.7627,0.56758,1
-4.1667,5.1027e-16,1
-4.2094,5.155e-16,1
-4.2521,5.2074e-16,1
-4.2949,5.2597e-16,1
-4.3376,5.312e-16,1
-4.3803,5.3644e-16,1
-4.4231,5.4167e-16,1
-4.4658,5.469e-16,1
-4.5085,5.5214e-16,1
-4.5513,5.5737e-16,1
-4.594,5.626e-16,1
-4.6368,5.6784e-16,1
-4.6795,5.7307e-16,1
-4.7222,5.7831e-16,1
-4.765,5.8354e-16,1
-4.8077,5.8877e-16,1
-4.8504,5.9401e-16,1
-4.8932,5.9924e-16,1
-4.9359,6.0447e-16,1
-4.9786,6.0971e-16,1
-5.0214,6.1494e-16,1
-5.0641,6.2017e-16,1
-5.1068,6.2541e-16,1
-5.1496,6.3064e-16,1
-5.1923,6.3587e-16,1
-5.235,6.4111e-16,1
-5.2778,6.4634e-16,1
-5.3205,6.5157e-16,1
-5.3632,6.5681e-16,1
-5.406,6.6204e-16,1
-5.4487,6.6728e-16,1
-5.4915,6.7251e-16,1
-5.5342,6.7774e-16,1
-5.5769,6.8298e-16,1
-5.6197,6.8821e-16,1
-5.6624,6.9344e-16,1
-5.7051,6.9868e-16,1
-5.7479,7.0391e-16,1
-5.7906,7.0914e-16,1
-4.1466,-0.4084,1
-4.1891,-0.41259,1
-4.2317,-0.41678,1
-4.2742,-0.42097,1
-4.3167,-0.42516,1
-4.3592,-0.42935,1
-4.4018,-0.43354,1
-4.4443,-0.43773,1
-4.4868,-0.44191,1
-4.5294,-0.4461,1
-4.5719,-0.45029,1
-4.6144,-0.45448,1
-4.657,-0.45867,1
-4.6995,-0.46286,1
-4.742,-0.46705,1
-4.7845,-0.47124,1
-4.8271,-0.47543,1
-4.8696,-0.47961,1
-4.9121,-0.4838,1
-4.9547,-0.48799,1
-4.9972,-0.49218,1
-5.0397,-0.49637,1
-5.0822,-0.50056,1
-5.1248,-0.50475,1
-5.1673,-0.50894,1
-5.2098,-0.51312,1
-5.2524,-0.51731,1
-5.2949,-0.5215,1
-5.3374,-0.52569,1
-5.38,-0.52988,1
-5.4225,-0.53407,1
-5.465,-0.53826,1
-5.5075,-0.54245,1
-5.5501,-0.54663,1
-5.5926,-0.55082,1
-5.6351,-0.55501,1
-5.6777,-0.5592,1
-5.7202,-0.56339,1
-5.7627,-0.56758,1
-4.0866,-0.81288,1
-4.1285,-0.82121,1
-4.1704,-0.82955,1
-4.2123,-0.83789,1
-4.2543,-0.84623,1
-4.2962,-0.85456,1
-4.3381,-0.8629,1
-4.38,-0.87124,1
-4.4219,-0.87957,1
-4.4638,-0.88791,1
-4.5057,-0.89625,1
-4.5477,-0.90459,1
-4.5896,-0.91292,1
-4.6315,-0.92126,1
-4.6734,-0.9296,1
-4.7153,-0.93793,1
-4.7572,-0.94627,1
-4.7991,-0.95461,1
-4.8411,-0.96295,1
-4.883,-0.97128,1
-4.9249,-0.97962,1
-4.9668,-0.98796,1
-5.0087,-0.99629,1
-5.0506,-1.0046,1
-5.0925,-1.013,1
-5.1345,-1.0213,1
-5.1764,-1.0296,1
-5.2183,-1.038,1
-5.2602,-1.0463,1
-5.3021,-1.0547,1
-5.344,-1.063,1
-5.3859,-1.0713,1
-5.4279,-1.0797,1
-5.4698,-1.088,1
-5.5117,-1.0963,1
-5.5536,-1.1047,1
-5.5955,-1.113,1
-5.6374,-1.1214,1
-5.6793,-1.1297,1
-3.9873,-1.2095,1
-4.0281,-1.2219,1
-4.069,-1.2343,1
-4.1099,-1.2467,1
-4.1508,-1.2591,1
-4.1917,-1.2715,1
-4.2326,-1.284,1
-4.2735,-1.2964,1
-4.3144,-1.3088,1
-4.3553,-1.3212,1
-4.3962,-1.3336,1
-4.4371,-1.346,1
-4.478,-1.3584,1
-4.5189,-1.3708,1
-4.5598,-1.3832,1
-4.6007,-1.3956,1
-4.6416,-1.408,1
-4.6825,-1.4204,1
-4.7234,-1.4328,1
-4.7643,-1.4452,1
-4.8051,-1.4576,1
-4.846,-1.47,1
-4.8869,-1.4824,1
-4.9278,-1.4948,1
-4.9687,-1.5072,1
-5.0096,-1.5197,1
-5.0505,-1.5321,1
-5.0914,-1.5445,1
-5.1323,-1.5569,1
-5.1732,-1.5693,1
-5.2141,-1.5817,1
-5.255,-1.5941,1
-5.2959,-1.6065,1
-5.3368,-1.6189,1
-5.3777,-1.6313,1
-5.4186,-1.6437,1
-5.4595,-1.6561,1
-5.5004,-1.6685,1
-5.5413,-1.6809,1
-3.8495,-1.5945,1
-3.889,-1.6109,1
-3.9285,-1.6272,1
-3.9679,-1.6436,1
-4.0074,-1.6599,1
-4.0469,-1.6763,1
-4.0864,-1.6926,1
-4.1259,-1.709,1
-4.1654,-1.7253,1
-4.2048,-1.7417,1
-4.2443,-1.7581,1
-4.2838,-1.7744,1
-4.3233,-1.7908,1
-4.3628,-1.8071,1
-4.4022,-1.8235,1
-4.4417,-1.8398,1
-4.4812,-1.8562,1
-4.5207,-1.8725,1
-4.5602,-1.8889,1
-4.5997,-1.9052,1
-4.6391,-1.9216,1
-4.6786,-1.9379,1
-4.7181,-1.9543,1
-4.7576,-1.9707,1
-4.7971,-1.987,1
-4.8365,-2.0034,1
-4.876,-2.0197,1
-4.9155,-2.0361,1
-4.955,-2.0524,1
-4.9945,-2.0688,1
-5.034,-2.0851,1
-5.0734,-2.1015,1
-5.1129,-2.1178,1
-5.1524,-2.1342,1
-5.1919,-2.1506,1
-5.2314,-2.1669,1
-5.2709,-2.1833,1
-5.3103,-2.1996,1
-5.3498,-2.216,1
-3.6747,-1.9642,1
-3.7124,-1.9843,1
-3.75,-2.0044,1
-3.7877,-2.0246,1
-3.8254,-2.0447,1
-3.8631,-2.0649,1
-3.9008,-2.085,1
-3.9385,-2.1052,1
-3.9762,-2.1253,1
-4.0139,-2.1455,1
-4.0516,-2.1656,1
-4.0893,-2.1857,1
-4.1269,-2.2059,1
-4.1646,-2.226,1
-4.2023,-2.2462,1
-4.24,-2.2663,1
-4.2777,-2.2865,1
-4.3154,-2.3066,1
-4.3531,-2.3268,1
-4.3908,-2.3469,1
-4.4285,-2.3671,1
-4.4661,-2.3872,1
-4.5038,-2.4073,1
-4.5415,-2.4275,1
-4.5792,-2.4476,1
-4.6169,-2.4678,1
-4.6546,-2.4879,1
-4.6923,-2.5081,1
-4.73,-2.5282,1
-4.7677,-2.5484,1
-4.8053,-2.5685,1
-4.843,-2.5887,1
-4.8807,-2.6088,1
-4.9184,-2.6289,1
-4.9561,-2.6491,1
-4.9938,-2.6692,1
-5.0315,-2.6894,1
-5.0692,-2.7095,1
-5.1069,-2.7297,1
-3.4645,-2.3149,1
-3.5,-2.3386,1
-3.5355,-2.3624,1
-3.5711,-2.3861,1
-3.6066,-2.4098,1
-3.6421,-2.4336,1
-3.6777,-2.4573,1
-3.7132,-2.4811,1
-3.7487,-2.5048,1
-3.7843,-2.5286,1
-3.8198,-2.5523,1
-3.8553,-2.576,1
-3.8909,-2.5998,1
-3.9264,-2.6235,1
-3.9619,-2.6473,1
-3.9975,-2.671,1
-4.033,-2.6948,1
-4.0685,-2.7185,1
-4.104,-2.7422,1
-4.1396,-2.766,1
-4.1751,-2.7897,1
-4.2106,-2.8135,1
-4.2462,-2.8372,1
-4.2817,-2.8609,1
-4.3172,-2.8847,1
-4.3528,-2.9084,1
-4.3883,-2.9322,1
-4.4238,-2.9559,1
-4.4594,-2.9797,1
-4.4949,-3.0034,1
-4.5304,-3.0271,1
-4.566,-3.0509,1
-4.6015,-3.0746,1
-4.637,-3.0984,1
-4.6726,-3.1221,1
-4.7081,-3.1459,1
-4.7436,-3.1696,1
-4.7792,-3.1933,1
-4.8147,-3.2171,1
-3.2209,-2.6433,1
-3.2539,-2.6704,1
-3.2869,-2.6975,1
-3.32,-2.7246,1
-3.353,-2.7517,1
-3.3861,-2.7789,1
-3.4191,-2.806,1
-3.4521,-2.8331,1
-3.4852,-2.8602,1
-3.5182,-2.8873,1
-3.5512,-2.9144,1
-3.5843,-2.9415,1
-3.6173,-2.9686,1
-3.6503,-2.9957,1
-3.6834,-3.0229,1
-3.7164,-3.05,1
-3.7494,-3.0771,1
-3.7825,-3.1042,1
-3.8155,-3.1313,1
-3.8485,-3.1584,1
-3.8816,-3.1855,1
-3.9146,-3.2126,1
-3.9476,-3.2397,1
-3.9807,-3.2669,1
-4.0137,-3.294,1
-4.0467,-3.3211,1
-4.0798,-3.3482,1
-4.1128,-3.3753,1
-4.1458,-3.4024,1
-4.1789,-3.4295,1
-4.2119,-3.4566,1
-4.245,-3.4837,1
-4.278,-3.5109,1
-4.311,-3.538,1
-4.3441,-3.5651,1
-4.3771,-3.5922,1
-4.4101,-3.6193,1
-4.4432,-3.6464,1
-4.4762,-3.6735,1
-2.9463,-2.9463,1
-2.9765,-2.9765,1
-3.0067,-3.0067,1
-3.0369,-3.0369,1
-3.0672,-3.0672,1
-3.0974,-3.0974,1
-3.1276,-3.1276,1
-3.1578,-3.1578,1
-3.188,-3.188,1
-3.2182,-3.2182,1
-3.2485,-3.2485,1
-3.2787,-3.2787,1
-3.3089,-3.3089,1
-3.3391,-3.3391,1
-3.3693,-3.3693,1
-3.3996,-3.3996,1
-3.4298,-3.4298,1
-3.46,-3.46,1
-3.4902,-3.4902,1
-3.5204,-3.5204,1
-3.5506,-3.5506,1
-3.5809,-3.5809,1
-3.6111,-3.6111,1
-3.6413,-3.6413,1
-3.6715,-3.6715,1
-3.7017,-3.7017,1
-3.732,-3.732,1
-3.7622,-3.7622,1
-3.7924,-3.7924,1
-3.8226,-3.8226,1
-3.8528,-3.8528,1
-3.883,-3.883,1
-3.9133,-3.9133,1
-3.9435,-3.9435,1
-3.9737,-3.9737,1
-4.0039,-4.0039,1
-4.0341,-4.0341,1
-4.0644,-4.0644,1
-4.0946,-4.0946,1
-2.6433,-3.2209,1
-2.6704,-3.2539,1
-2.6975,-3.2869,1
-2.7246,-3.32,1
-2.7517,-3.353,1
-2.7789,-3.3861,1
-2.806,-3.4191,1
-2.8331,-3.4521,1
-2.8602,-3.4852,1
-2.8873,-3.5182,1
-2.9144,-3.5512,1
-2.9415,-3.5843,1
-2.9686,-3.6173,1
-2.9957,-3.6503,1
-3.0229,-3.6834,1
-3.05,-3.7164,1
-3.0771,-3.7494,1
-3.1042,-3.7825,1
-3.1313,-3.8155,1
-3.1584,-3.8485,1
-3.1855,-3.8816,1
-3.2126,-3.9146,1
-3.2397,-3.9476,1
-3.2669,-3.9807,1
-3.294,-4.0137,1
-3.3211,-4.0467,1
-3.3482,-4.0798,1
-3.3753,-4.1128,1
-3.4024,-4.1458,1
-3.4295,-4.1789,1
-3.4566,-4.2119,1
-3.4837,-4.245,1
-3.5109,-4.278,1
-3.538,-4.311,1
-3.5651,-4.3441,1
-3.5922,-4.3771,1
-3.6193,-4.4101,1
-3.6464,-4.4432,1
-3.6735,-4.4762,1
-2.3149,-3.4645,1
-2.3386,-3.5,1
-2.3624,-3.5355,1
-2.3861,-3.5711,1
-2.4098,-3.6066,1
-2.4336,-3.6421,1
-2.4573,-3.6777,1
-2.4811,-3.7132,1
-2.5048,-3.7487,1
-2.5286,-3.7843,1
-2.5523,-3.8198,1
-2.576,-3.8553,1
-2.5998,-3.8909,1
-2.6235,-3.9264,1
-2.6473,-3.9619,1
-2.671,-3.9975,1
-2.6948,-4.033,1
-2.7185,-4.0685,1
-2.7422,-4.104,1
-2.766,-4.1396,1
-2.7897,-4.1751,1
-2.8135,-4.2106,1
-2.8372,-4.2462,1
-2.8609,-4.2817,1
-2.8847,-4.3172,1
-2.9084,-4.3528,1
-2.9322,-4.3883,1
-2.9559,-4.4238,1
-2.9797,-4.4594,1
-3.0034,-4.4949,1
-3.0271,-4.5304,1
-3.0509,-4.566,1
-3.0746,-4.6015,1
-3.0984,-4.637,1
-3.1221,-4.6726,1
-3.1459,-4.7081,1
-3.1696,-4.7436,1
-3.1933,-4.7792,1
-3.2171,-4.8147,1
-1.9642,-3.6747,1
-1.9843,-3.7124,1
-2.0044,-3.75,1
-2.0246,-3.7877,1
-2.0447,-3.8254,1
-2.0649,-3.8631,1
-2.085,-3.9008,1
-2.1052,-3.9385,1
-2.1253,-3.9762,1
-2.1455,-4.0139,1
-2.1656,-4.0516,1
-2.1857,-4.0893,1
-2.2059,-4.1269,1
-2.226,-4.1646,1
-2.2462,-4.2023,1
-2.2663,-4.24,1
-2.2865,-4.2777,1
-2.3066,-4.3154,1
-2.3268,-4.3531,1
-2.3469,-4.3908,1
-2.3671,-4.4285,1
-2.3872,-4.4661,1
-2.4073,-4.5038,1
-2.4275,-4.5415,1
-2.4476,-4.5792,1
-2.4678,-4.6169,1
-2.4879,-4.6546,1
-2.5081,-4.6923,1
-2.5282,-4.73,1
-2.5484,-4.7677,1
-2.5685,-4.8053,1
-2.5887,-4.843,1
-2.6088,-4.8807,1
-2.6289,-4.9184,1
-2.6491,-4.9561,1
-2.6692,-4.9938,1
-2.6894,-5.0315,1
-2.7095,-5.0692,1
-2.7297,-5.1069,1
-1.5945,-3.8495,1
-1.6109,-3.889,1
-1.6272,-3.9285,1
-1.6436,-3.9679,1
-1.6599,-4.0074,1
-1.6763,-4.0469,1
-1.6926,-4.0864,1
-1.709,-4.1259,1
-1.7253,-4.1654,1
-1.7417,-4.2048,1
-1.7581,-4.2443,1
-1.7744,-4.2838,1
-1.7908,-4.3233,1
-1.8071,-4.3628,1
-1.8235,-4.4022,1
-1.8398,-4.4417,1
-1.8562,-4.4812,1
-1.8725,-4.5207,1
-1.8889,-4.5602,1
-1.9052,-4.5997,1
-1.9216,-4.6391,1
-1.9379,-4.6786,1
-1.9543,-4.7181,1
-1.9707,-4.7576,1
-1.987,-4.7971,1
-2.0034,-4.8365,1
-2.0197,-4.876,1
-2.0361,-4.9155,1
-2.0524,-4.955,1
-2.0688,-4.9945,1
-2.0851,-5.034,1
-2.1015,-5.0734,1
-2.1178,-5.1129,1
-2.1342,-5.1524,1
-2.1506,-5.1919,1
-2.1669,-5.2314,1
-2.1833,-5.2709,1
-2.1996,-5.3103,1
-2.216,-5.3498,1
-1.2095,-3.9873,1
-1.2219,-4.0281,1
-1.2343,-4.069,1
-1.2467,-4.1099,1
-1.2591,-4.1508,1
-1.2715,-4.1917,1
-1.284,-4.2326,1
-1.2964,-4.2735,1
-1.3088,-4.3144,1
-1.3212,-4.3553,1
-1.3336,-4.3962,1
-1.346,-4.4371,1
-1.3584,-4.478,1
-1.3708,-4.5189,1
-1.3832,-4.5598,1
-1.3956,-4.6007,1
-1.408,-4.6416,1
-1.4204,-4.6825,1
-1.4328,-4.7234,1
-1.4452,-4.7643,1
-1.4576,-4.8051,1
-1.47,-4.846,1
-1.4824,-4.8869,1
-1.4948,-4.9278,1
-1.5072,-4.9687,1
-1.5197,-5.0096,1
-1.5321,-5.0505,1
-1.5445,-5.0914,1
-1.5569,-5.1323,1
-1.5693,-5.1732,1
-1.5817,-5.2141,1
-1.5941,-5.255,1
-1.6065,-5.2959,1
-1.6189,-5.3368,1
-1.6313,-5.3777,1
-1.6437,-5.4186,1
-1.6561,-5.4595,1
-1.6685,-5.5004,1
-1.6809,-5.5413,1
-0.81288,-4.0866,1
-0.82121,-4.1285,1
-0.82955,-4.1704,1
-0.83789,-4.2123,1
-0.84623,-4.2543,1
-0.85456,-4.2962,1
-0.8629,-4.3381,1
-0.87124,-4.38,1
-0.87957,-4.4219,1
-0.88791,-4.4638,1
-0.89625,-4.5057,1
-0.90459,-4.5477,1
-0.91292,-4.5896,1
-0.92126,-4.6315,1
-0.9296,-4.6734,1
-0.93793,-4.7153,1
-0.94627,-4.7572,1
-0.95461,-4.7991,1
-0.96295,-4.8411,1
-0.97128,-4.883,1
-0.97962,-4.9249,1
-0.98796,-4.9668,1
-0.99629,-5.0087,1
-1.0046,-5.0506,1
-1.013,-5.0925,1
-1.0213,-5.1345,1
-1.0296,-5.1764,1
-1.038,-5.2183,1
-1.0463,-5.2602,1
-1.0547,-5.3021,1
-1.063,-5.344,1
-1.0713,-5.3859,1
-1.0797,-5.4279,1
-1.088,-5.4698,1
-1.0963,-5.5117,1
-1.1047,-5.5536,1
-1.113,-5.5955,1
-1.1214,-5.6374,1
-1.1297,-5.6793,1
-0.4084,-4.1466,1
-0.41259,-4.1891,1
-0.41678,-4.2317,1
-0.42097,-4.2742,1
-0.42516,-4.3167,1
-0.42935,-4.3592,1
-0.43354,-4.4018,1
-0.43773,-4.4443,1
-0.44191,-4.4868,1
-0.4461,-4.5294,1
-0.45029,-4.5719,1
-0.45448,-4.6144,1
-0.45867,-4.657,1
-0.46286,-4.6995,1
-0.46705,-4.742,1
-0.47124,-4.7845,1
-0.47543,-4.8271,1
-0.47961,-4.8696,1
-0.4838,-4.9121,1
-0.48799,-4.9547,1
-0.49218,-4.9972,1
-0.49637,-5.0397,1
-0.50056,-5.0822,1
-0.50475,-5.1248,1
-0.50894,-5.1673,1
-0.51312,-5.2098,1
-0.51731,-5.2524,1
-0.5215,-5.2949,1
-0.52569,-5.3374,1
-0.52988,-5.38,1
-0.53407,-5.4225,1
-0.53826,-5.465,1
-0.54245,-5.5075,1
-0.54663,-5.5501,1
-0.55082,-5.5926,1
-0.55501,-5.6351,1
-0.5592,-5.6777,1
-0.56339,-5.7202,1
-0.56758,-5.7627,1
-7.654e-16,-4.1667,1
-7.7325e-16,-4.2094,1
-7.811e-16,-4.2521,1
-7.8896e-16,-4.2949,1
-7.9681e-16,-4.3376,1
-8.0466e-16,-4.3803,1
-8.1251e-16,-4.4231,1
-8.2036e-16,-4.4658,1
-8.2821e-16,-4.5085,1
-8.3606e-16,-4.5513,1
-8.4391e-16,-4.594,1
-8.5176e-16,-4.6368,1
-8.5961e-16,-4.6795,1
-8.6746e-16,-4.7222,1
-8.7531e-16,-4.765,1
-8.8316e-16,-4.8077,1
-8.9101e-16,-4.8504,1
-8.9886e-16,-4.8932,1
-9.0671e-16,-4.9359,1
-9.1456e-16,-4.9786,1
-9.2241e-16,-5.0214,1
-9.3026e-16,-5.0641,1
-9.3811e-16,-5.1068,1
-9.4596e-16,-5.1496,1
-9.5381e-16,-5.1923,1
-9.6166e-16,-5.235,1
-9.6951e-16,-5.2778,1
-9.7736e-16,-5.3205,1
-9.8521e-16,-5.3632,1
-9.9306e-16,-5.406,1
-1.0009e-15,-5.4487,1
-1.0088e-15,-5.4915,1
-1.0166e-15,-5.5342,1
-1.0245e-15,-5.5769,1
-1.0323e-15,-5.6197,1
-1.0402e-15,-5.6624,1
-1.048e-15,-5.7051,1
-1.0559e-15,-5.7479,1
-1.0637e-15,-5.7906,1
0.4084,-4.1466,1
0.41259,-4.1891,1
0.41678,-4.2317,1
0.42097,-4.2742,1
0.42516,-4.3167,1
0.42935,-4.3592,1
0.43354,-4.4018,1
0.43773,-4.4443,1
0.44191,-4.4868,1
0.4461,-4.5294,1
0.45029,-4.5719,1
0.45448,-4.6144,1
0.45867,-4.657,1
0.46286,-4.6995,1
0.46705,-4.742,1
0.47124,-4.7845,1
0.47543,-4.8271,1
0.47961,-4.8696,1
0.4838,-4.9121,1
0.48799,-4.9547,1
0.49218,-4.9972,1
0.49637,-5.0397,1
0.50056,-5.0822,1
0.50475,-5.1248,1
0.50894,-5.1673,1
0.51312,-5.2098,1
0.51731,-5.2524,1
0.5215,-5.2949,1
0.52569,-5.3374,1
0.52988,-5.38,1
0.53407,-5.4225,1
0.53826,-5.465,1
0.54245,-5.5075,1
0.54663,-5.5501,1
0.55082,-5.5926,1
0.55501,-5.6351,1
0.5592,-5.6777,1
0.56339,-5.7202,1
0.56758,-5.7627,1
0.81288,-4.0866,1
0.82121,-4.1285,1
0.82955,-4.1704,1
0.83789,-4.2123,1
0.84623,-4.2543,1
0.85456,-4.2962,1
0.8629,-4.3381,1
0.87124,-4.38,1
0.87957,-4.4219,1
0.88791,-4.4638,1
0.89625,-4.5057,1
0.90459,-4.5477,1
0.91292,-4.5896,1
0.92126,-4.6315,1
0.9296,-4.6734,1
0.93793,-4.7153,1
0.94627,-4.7572,1
0.95461,-4.7991,1
0.96295,-4.8411,1
0.97128,-4.883,1
0.97962,-4.9249,1
0.98796,-4.9668,1
0.99629,-5.0087,1
1.0046,-5.0506,1
1.013,-5.0925,1
1.0213,-5.1345,1
1.0296,-5.1764,1
1.038,-5.2183,1
1.0463,-5.2602,1
1.0547,-5.3021,1
1.063,-5.344,1
1.0713,-5.3859,1
1.0797,-5.4279,1
1.088,-5.4698,1
1.0963,-5.5117,1
1.1047,-5.5536,1
1.113,-5.5955,1
1.1214,-5.6374,1
1.1297,-5.6793,1
1.2095,-3.9873,1
1.2219,-4.0281,1
1.2343,-4.069,1
1.2467,-4.1099,1
1.2591,-4.1508,1
1.2715,-4.1917,1
1.284,-4.2326,1
1.2964,-4.2735,1
1.3088,-4.3144,1
1.3212,-4.3553,1
1.3336,-4.3962,1
1.346,-4.4371,1
1.3584,-4.478,1
1.3708,-4.5189,1
1.3832,-4.5598,1
1.3956,-4.6007,1
1.408,-4.6416,1
1.4204,-4.6825,1
1.4328,-4.7234,1
1.4452,-4.7643,1
1.4576,-4.8051,1
1.47,-4.846,1
1.4824,-4.8869,1
1.4948,-4.9278,1
1.5072,-4.9687,1
1.5197,-5.0096,1
1.5321,-5.0505,1
1.5445,-5.0914,1
1.5569,-5.1323,1
1.5693,-5.1732,1
1.5817,-5.2141,1
1.5941,-5.255,1
1.6065,-5.2959,1
1.6189,-5.3368,1
1.6313,-5.3777,1
1.6437,-5.4186,1
1.6561,-5.4595,1
1.6685,-5.5004,1
1.6809,-5.5413,1
1.5945,-3.8495,1
1.6109,-3.889,1
1.6272,-3.9285,1
1.6436,-3.9679,1
1.6599,-4.0074,1
1.6763,-4.0469,1
1.6926,-4.0864,1
1.709,-4.1259,1
1.7253,-4.1654,1
1.7417,-4.2048,1
1.7581,-4.2443,1
1.7744,-4.2838,1
1.7908,-4.3233,1
1.8071,-4.3628,1
1.8235,-4.4022,1
1.8398,-4.4417,1
1.8562,-4.4812,1
1.8725,-4.5207,1
1.8889,-4.5602,1
1.9052,-4.5997,1
1.9216,-4.6391,1
1.9379,-4.6786,1
1.9543,-4.7181,1
1.9707,-4.7576,1
1.987,-4.7971,1
2.0034,-4.8365,1
2.0197,-4.876,1
2.0361,-4.9155,1
2.0524,-4.955,1
2.0688,-4.9945,1
2.0851,-5.034,1
2.1015,-5.0734,1
2.1178,-5.1129,1
2.1342,-5.1524,1
2.1506,-5.1919,1
2.1669,-5.2314,1
2.1833,-5.2709,1
2.1996,-5.3103,1
2.216,-5.3498,1
1.9642,-3.6747,1
1.9843,-3.7124,1
2.0044,-3.75,1
2.0246,-3.7877,1
2.0447,-3.8254,1
2.0649,-3.8631,1
2.085,-3.9008,1
2.1052,-3.9385,1
2.1253,-3.9762,1
2.1455,-4.0139,1
2.1656,-4.0516,1
2.1857,-4.0893,1
2.2059,-4.1269,1
2.226,-4.1646,1
2.2462,-4.2023,1
2.2663,-4.24,1
2.2865,-4.2777,1
2.3066,-4.3154,1
2.3268,-4.3531,1
2.3469,-4.3908,1
2.3671,-4.4285,1
2.3872,-4.4661,1
2.4073,-4.5038,1
2.4275,-4.5415,1
2.4476,-4.5792,1
2.4678,-4.6169,1
2.4879,-4.6546,1
2.5081,-4.6923,1
2.5282,-4.73,1
2.5484,-4.7677,1
2.5685,-4.8053,1
2.5887,-4.843,1
2.6088,-4.8807,1
2.6289,-4.9184,1
2.6491,-4.9561,1
2.6692,-4.9938,1
2.6894,-5.0315,1
2.7095,-5.0692,1
2.7297,-5.1069,1
2.3149,-3.4645,1
2.3386,-3.5,1
2.3624,-3.5355,1
2.3861,-3.5711,1
2.4098,-3.6066,1
2.4336,-3.6421,1
2.4573,-3.6777,1
2.4811,-3.7132,1
2.5048,-3.7487,1
2.5286,-3.7843,1
2.5523,-3.8198,1
2.576,-3.8553,1
2.5998,-3.8909,1
2.6235,-3.9264,1
2.6473,-3.9619,1
2.671,-3.9975,1
2.6948,-4.033,1
2.7185,-4.0685,1
2.7422,-4.104,1
2.766,-4.1396,1
2.7897,-4.1751,1
2.8135,-4.2106,1
2.8372,-4.2462,1
2.8609,-4.2817,1
2.8847,-4.3172,1
2.9084,-4.3528,1
2.9322,-4.3883,1
2.9559,-4.4238,1
2.9797,-4.4594,1
3.0034,-4.4949,1
3.0271,-4.5304,1
3.0509,-4.566,1
3.0746,-4.6015,1
3.0984,-4.637,1
3.1221,-4.6726,1
3.1459,-4.7081,1
3.1696,-4.7436,1
3.1933,-4.7792,1
3.2171,-4.8147,1
2.6433,-3.2209,1
2.6704,-3.2539,1
2.6975,-3.2869,1
2.7246,-3.32,1
2.7517,-3.353,1
2.7789,-3.3861,1
2.806,-3.4191,1
2.8331,-3.4521,1
2.8602,-3.4852,1
2.8873,-3.5182,1
2.9144,-3.5512,1
2.9415,-3.5843,1
2.9686,-3.6173,1
2.9957,-3.6503,1
3.0229,-3.6834,1
3.05,-3.7164,1
3.0771,-3.7494,1
3.1042,-3.7825,1
3.1313,-3.8155,1
3.1584,-3.8485,1
3.1855,-3.8816,1
3.2126,-3.9146,1
3.2397,-3.9476,1
3.2669,-3.9807,1
3.294,-4.0137,1
3.3211,-4.0467,1
3.3482,-4.0798,1
3.3753,-4.1128,1
3.4024,-4.1458,1
3.4295,-4.1789,1
3.4566,-4.2119,1
3.4837,-4.245,1
3.5109,-4.278,1
3.538,-4.311,1
3.5651,-4.3441,1
3.5922,-4.3771,1
3.6193,-4.4101,1
3.6464,-4.4432,1
3.6735,-4.4762,1
2.9463,-2.9463,1
2.9765,-2.9765,1
3.0067,-3.0067,1
3.0369,-3.0369,1
3.0672,-3.0672,1
3.0974,-3.0974,1
3.1276,-3.1276,1
3.1578,-3.1578,1
3.188,-3.188,1
3.2182,-3.2182,1
3.2485,-3.2485,1
3.2787,-3.2787,1
3.3089,-3.3089,1
3.3391,-3.3391,1
3.3693,-3.3693,1
3.3996,-3.3996,1
3.4298,-3.4298,1
3.46,-3.46,1
3.4902,-3.4902,1
3.5204,-3.5204,1
3.5506,-3.5506,1
3.5809,-3.5809,1
3.6111,-3.6111,1
3.6413,-3.6413,1
3.6715,-3.6715,1
3.7017,-3.7017,1
3.732,-3.732,1
3.7622,-3.7622,1
3.7924,-3.7924,1
3.8226,-3.8226,1
3.8528,-3.8528,1
3.883,-3.883,1
3.9133,-3.9133,1
3.9435,-3.9435,1
3.9737,-3.9737,1
4.0039,-4.0039,1
4.0341,-4.0341,1
4.0644,-4.0644,1
4.0946,-4.0946,1
3.2209,-2.6433,1
3.2539,-2.6704,1
3.2869,-2.6975,1
3.32,-2.7246,1
3.353,-2.7517,1
3.3861,-2.7789,1
3.4191,-2.806,1
3.4521,-2.8331,1
3.4852,-2.8602,1
3.5182,-2.8873,1
3.5512,-2.9144,1
3.5843,-2.9415,1
3.6173,-2.9686,1
3.6503,-2.9957,1
3.6834,-3.0229,1
3.7164,-3.05,1
3.7494,-3.0771,1
3.7825,-3.1042,1
3.8155,-3.1313,1
3.8485,-3.1584,1
3.8816,-3.1855,1
3.9146,-3.2126,1
3.9476,-3.2397,1
3.9807,-3.2669,1
4.0137,-3.294,1
4.0467,-3.3211,1
4.0798,-3.3482,1
4.1128,-3.3753,1
4.1458,-3.4024,1
4.1789,-3.4295,1
4.2119,-3.4566,1
4.245,-3.4837,1
4.278,-3.5109,1
4.311,-3.538,1
4.3441,-3.5651,1
4.3771,-3.5922,1
4.4101,-3.6193,1
4.4432,-3.6464,1
4.4762,-3.6735,1
3.4645,-2.3149,1
3.5,-2.3386,1
3.5355,-2.3624,1
3.5711,-2.3861,1
3.6066,-2.4098,1
3.6421,-2.4336,1
3.6777,-2.4573,1
3.7132,-2.4811,1
3.7487,-2.5048,1
3.7843,-2.5286,1
3.8198,-2.5523,1
3.8553,-2.576,1
3.8909,-2.5998,1
3.9264,-2.6235,1
3.9619,-2.6473,1
3.9975,-2.671,1
4.033,-2.6948,1
4.0685,-2.7185,1
4.104,-2.7422,1
4.1396,-2.766,1
4.1751,-2.7897,1
4.2106,-2.8135,1
4.2462,-2.8372,1
4.2817,-2.8609,1
4.3172,-2.8847,1
4.3528,-2.9084,1
4.3883,-2.9322,1
4.4238,-2.9559,1
4.4594,-2.9797,1
4.4949,-3.0034,1
4.5304,-3.0271,1
4.566,-3.0509,1
4.6015,-3.0746,1
4.637,-3.0984,1
4.6726,-3.1221,1
4.7081,-3.1459,1
4.7436,-3.1696,1
4.7792,-3.1933,1
4.8147,-3.2171,1
3.6747,-1.9642,1
3.7124,-1.9843,1
3.75,-2.0044,1
3.7877,-2.0246,1
3.8254,-2.0447,1
3.8631,-2.0649,1
3.9008,-2.085,1
3.9385,-2.1052,1
3.9762,-2.1253,1
4.0139,-2.1455,1
4.0516,-2.1656,1
4.0893,-2.1857,1
4.1269,-2.2059,1
4.1646,-2.226,1
4.2023,-2.2462,1
4.24,-2.2663,1
4.2777,-2.2865,1
4.3154,-2.3066,1
4.3531,-2.3268,1
4.3908,-2.3469,1
4.4285,-2.3671,1
4.4661,-2.3872,1
4.5038,-2.4073,1
4.5415,-2.4275,1
4.5792,-2.4476,1
4.6169,-2.4678,1
4.6546,-2.4879,1
4.6923,-2.5081,1
4.73,-2.5282,1
4.7677,-2.5484,1
4.8053,-2.5685,1
4.843,-2.5887,1
4.8807,-2.6088,1
4.9184,-2.6289,1
4.9561,-2.6491,1
4.9938,-2.6692,1
5.0315,-2.6894,1
5.0692,-2.7095,1
5.1069,-2.7297,1
3.8495,-1.5945,1
3.889,-1.6109,1
3.9285,-1.6272,1
3.9679,-1.6436,1
4.0074,-1.6599,1
4.0469,-1.6763,1
4.0864,-1.6926,1
4.1259,-1.709,1
4.1654,-1.7253,1
4.2048,-1.7417,1
4.2443,-1.7581,1
4.2838,-1.7744,1
4.3233,-1.7908,1
4.3628,-1.8071,1
4.4022,-1.8235,1
4.4417,-1.8398,1
4.4812,-1.8562,1
4.5207,-1.8725,1
4.5602,-1.8889,1
4.5997,-1.9052,1
4.6391,-1.9216,1
4.6786,-1.9379,1
4.7181,-1.9543,1
4.7576,-1.9707,1
4.7971,-1.987,1
4.8365,-2.0034,1
4.876,-2.0197,1
4.9155,-2.0361,1
4.955,-2.0524,1
4.9945,-2.0688,1
5.034,-2.0851,1
5.0734,-2.1015,1
5.1129,-2.1178,1
5.1524,-2.1342,1
5.1919,-2.1506,1
5.2314,-2.1669,1
5.2709,-2.1833,1
5.3103,-2.1996,1
5.3498,-2.216,1
3.9873,-1.2095,1
4.0281,-1.2219,1
4.069,-1.2343,1
4.1099,-1.2467,1
4.1508,-1.2591,1
4.1917,-1.2715,1
4.2326,-1.284,1
4.2735,-1.2964,1
4.3144,-1.3088,1
4.3553,-1.3212,1
4.3962,-1.3336,1
4.4371,-1.346,1
4.478,-1.3584,1
4.5189,-1.3708,1
4.5598,-1.3832,1
4.6007,-1.3956,1
4.6416,-1.408,1
4.6825,-1.4204,1
4.7234,-1.4328,1
4.7643,-1.4452,1
4.8051,-1.4576,1
4.846,-1.47,1
4.8869,-1.4824,1
4.9278,-1.4948,1
4.9687,-1.5072,1
5.0096,-1.5197,1
5.0505,-1.5321,1
5.0914,-1.5445,1
5.1323,-1.5569,1
5.1732,-1.5693,1
5.2141,-1.5817,1
5.255,-1.5941,1
5.2959,-1.6065,1
5.3368,-1.6189,1
5.3777,-1.6313,1
5.4186,-1.6437,1
5.4595,-1.6561,1
5.5004,-1.6685,1
5.5413,-1.6809,1
4.0866,-0.81288,1
4.1285,-0.82121,1
4.1704,-0.82955,1
4.2123,-0.83789,1
4.2543,-0.84623,1
4.2962,-0.85456,1
4.3381,-0.8629,1
4.38,-0.87124,1
4.4219,-0.87957,1
4.4638,-0.88791,1
4.5057,-0.89625,1
4.5477,-0.90459,1
4.5896,-0.91292,1
4.6315,-0.92126,1
4.6734,-0.9296,1
4.7153,-0.93793,1
4.7572,-0.94627,1
4.7991,-0.95461,1
4.8411,-0.96295,1
4.883,-0.97128,1
4.9249,-0.97962,1
4.9668,-0.98796,1
5.0087,-0.99629,1
5.0506,-1.0046,1
5.0925,-1.013,1
5.1345,-1.0213,1
5.1764,-1.0296,1
5.2183,-1.038,1
5.2602,-1.0463,1
5.3021,-1.0547,1
5.344,-1.063,1
5.3859,-1.0713,1
5.4279,-1.0797,1
5.4698,-1.088,1
5.5117,-1.0963,1
5.5536,-1.1047,1
5.5955,-1.113,1
5.6374,-1.1214,1
5.6793,-1.1297,1
4.1466,-0.4084,1
4.1891,-0.41259,1
4.2317,-0.41678,1
4.2742,-0.42097,1
4.3167,-0.42516,1
4.3592,-0.42935,1
4.4018,-0.43354,1
4.4443,-0.43773,1
4.4868,-0.44191,1
4.5294,-0.4461,1
4.5719,-0.45029,1
4.6144,-0.45448,1
4.657,-0.45867,1
4.6995,-0.46286,1
4.742,-0.46705,1
4.7845,-0.47124,1
4.8271,-0.47543,1
4.8696,-0.47961,1
4.9121,-0.4838,1
4.9547,-0.48799,1
4.9972,-0.49218,1
5.0397,-0.49637,1
5.0822,-0.50056,1
5.1248,-0.50475,1
5.1673,-0.50894,1
5.2098,-0.51312,1
5.2524,-0.51731,1
5.2949,-0.5215,1
5.3374,-0.52569,1
5.38,-0.52988,1
5.4225,-0.53407,1
5.465,-0.53826,1
5.5075,-0.54245,1
5.5501,-0.54663,1
5.5926,-0.55082,1
5.6351,-0.55501,1
5.6777,-0.5592,1
5.7202,-0.56339,1
5.7627,-0.56758,1
4.1667,-1.0205e-15,1
