-3.2166,-3.6806,0
-2.8464,-9.7786,0
1.2681,-10.015,0
6.0589,7.0082,0
1.1835,8.6393,0
-1.1052,-4.1437,0
-1.284,-11.007,0
2.0843,2.1293,0
-4.9082,-2.3485,0
-4.0234,6.6721,0
3.8539,-1.3423,0
-3.1528,-3.6018,0
8.5848,-5.2504,0
5.1982,7.4716,0
-2.6156,6.7433,0
-5.8175,1.567,0
3.2872,8.3036,0
-4.4692,-1.9888,0
-4.1511,6.3155,0
-6.0154,2.7461,0
3.9733,-9.409,0
9.6768,-4.0779,0
-3.3897,7.0329,0
8.8278,3.2088,0
-4.7686,4.7463,0
-5.7943,3.3316,0
-5.4297,2.9926,0
10.104,-2.2892,0
7.468,5.9978,0
2.1721,-3.6677,0
3.6865,-1.7958,0
-6.1343,2.3856,0
2.6241,7.9752,0
-5.6711,3.9912,0
9.5248,-2.47,0
-2.8339,-10.791,0
7.4304,-7.5832,0
9.89,-0.16762,0
7.9954,-6.8286,0
8.1797,-6.1921,0
9.6977,3.0248,0
7.3824,-7.1364,0
-0.0843,8.7448,0
9.4548,1.9601,0
-6.2655,1.5321,0
-4.9429,4.2185,0
3.4447,1.4217,0
-2.3892,7.2311,0
-2.4241,-3.932,0
1.2344,8.2446,0
-3.5637,-3.0553,0
4.5766,-9.209,0
8.7312,-5.5778,0
0.20639,-4.1675,0
5.072,-9.6727,0
-5.4281,1.0011,0
-0.46735,-4.5065,0
9.8587,-1.479,0
-2.5442,-9.9426,0
5.2848,-8.9667,0
10.241,0.45818,0
-3.471,6.9186,0
-5.3254,3.7729,0
2.5419,8.0638,0
-2.3206,6.9349,0
1.1546,-10.697,0
2.3911,2.2489,0
9.7315,-3.3749,0
-2.6827,7.2298,0
-4.9812,5.6809,0
10.377,-1.0558,0
-1.2727,-10.077,0
1.1066,-10.214,0
-5.0899,-9.6775,0
1.8901,-3.2713,0
-2.0658,-4.4401,0
-4.1859,-10.124,0
1.4169,-3.7708,0
9.1239,-3.3849,0
-1.643,-10.588,0
-2.791,-3.6255,0
1.4682,-10.548,0
3.6959,0.95549,0
-2.6899,6.6616,0
-5.4877,1.6508,0
-4.487,-9.6989,0
3.8569,-10.207,0
5.7804,-8.6437,0
0.5306,-10.701,0
6.7658,-8.289,0
3.6953,-9.9066,0
-4.0596,5.8234,0
8.3119,-6.6875,0
10.177,-1.8109,0
-5.4854,4.9214,0
-3.1849,6.8269,0
0.16262,-10.772,0
4.2378,-0.43505,0
9.8931,-3.5605,0
-5.6058,-0.8216,0
4.4971,-9.2123,0
-5.8666,-0.15625,0
0.46066,-3.7752,0
10.168,0.78776,0
0.45117,-3.8869,0
6.2993,-8.0254,0
-0.11003,-10.073,0
-4.3369,5.8321,0
-5.0704,3.8025,0
1.9098,1.696,0
5.9937,6.8214,0
-4.3424,-9.6806,0
8.0085,-5.533,0
-4.4581,6.2003,0
9.6435,2.1692,0
6.4526,-8.1979,0
-0.80646,-4.4203,0
9.2872,3.4562,0
1.8269,-10.206,0
9.592,-3.4539,0
-6.3288,1.5171,0
-2.6636,7.2517,0
8.221,4.5098,0
2.8376,-2.6046,0
1.023,8.6259,0
-6.0691,1.7025,0
5.7485,7.1625,0
5.5209,-8.2887,0
-1.1626,8.4211,0
6.8413,5.6986,0
0.60712,-3.6789,0
-0.56322,-10.348,0
-5.9131,-0.78124,0
-0.84249,8.5115,0
10.084,-1.251,0
7.6015,-6.7274,0
-4.274,-2.5356,0
7.6264,5.7598,0
-4.8778,-9.1003,0
9.3709,-4.0765,0
1.7977,-3.2623,0
3.4446,-1.0601,0
6.3665,6.8977,0
3.7367,8.4091,0
5.9662,7.0115,0
-4.3786,-2.8341,0
-1.3859,7.4834,0
1.6201,-10.346,0
8.5207,-6.0253,0
1.6549,8.6599,0
-0.26408,-10.629,0
0.48817,-4.4477,0
-4.7396,-2.6392,0
-2.4622,-10.782,0
0.76887,-3.7973,0
0.31614,8.3547,0
-5.5065,4.7543,0
2.2182,-3.8256,0
-4.6508,-1.6808,0
1.5689,7.9961,0
-5.0625,4.4911,0
8.8822,-4.5017,0
-5.7713,1.1501,0
-3.4129,-10.669,0
-4.6193,5.2702,0
-2.8987,-3.8833,0
8.8331,4.565,0
5.9462,-7.7712,0
3.5133,7.9376,0
-5.214,-9.4748,0
2.7002,8.2398,0
-4.5423,5.1223,0
-6.1426,1.6598,0
-3.347,-10.534,0
-5.9741,0.83129,0
0.22706,8.316,0
-5.8066,0.80608,0
-5.1162,3.1601,0
2.0495,8.1414,0
-5.3513,-9.1805,0
0.1759,-10.544,0
8.691,5.0653,0
9.9822,1.752,0
1.9921,-3.1652,0
8.7717,3.0749,0
0.9216,-10.551,0
4.5863,7.727,0
0.03482,7.9945,0
0.6264,-3.9565,0
9.7441,-1.5421,0
-4.373,-9.3359,0
9.3838,-2.8313,0
1.8345,8.2936,0
10.315,-1.3425,0
9.8316,2.4445,0
7.8847,-6.7951,0
9.5755,-0.38329,0
6.681,6.4098,0
-1.9408,-10.367,0
10.179,1.4148,0
10.358,-0.38393,0
9.3852,-3.8413,0
2.9757,-10.04,0
-0.96698,7.912,0
8.8001,-4.6734,0
6.9537,6.2686,0
-2.0397,8.1489,0
2.8095,8.702,0
9.3619,-2.8118,0
-5.5315,0.91577,0
-3.9973,-10.413,0
-4.2781,-9.4972,0
-5.2681,4.5932,0
-3.3642,6.993,0
-5.01,-9.9719,0
5.9192,-7.873,0
6.3574,-8.156,0
9.4968,0.004003,0
5.5565,-8.6783,0
3.2568,8.3419,0
4.4826,-9.3517,0
-1.9294,-4.6275,0
7.2084,6.156,0
8.6276,-4.9312,0
-5.3397,2.2598,0
7.8089,5.3776,0
-0.48413,8.2077,0
5.4499,-8.4915,0
9.6794,-2.4022,0
-4.3368,-9.5095,0
-1.7558,-10.416,0
9.1792,3.5258,0
1.5532,-3.8435,0
1.1418,8.7758,0
-4.496,-2.4706,0
-4.9246,-9.9644,0
6.9981,5.5687,0
1.5712,-10.754,0
9.9922,-0.68503,0
5.0564,8.2646,0
0.61369,-4.4332,0
-3.0756,-9.8428,0
10.011,0.2138,0
-3.1218,-3.7662,0
0.03102,8.0364,0
1.4538,-9.9569,0
8.465,5.1893,0
8.2449,4.4457,0
3.2186,8.6117,0
-4.4609,-1.5772,0
-5.6722,2.1264,0
-5.219,4.3171,0
7.7541,5.7014,0
9.009,3.8266,0
1.523,8.6173,0
-0.35171,-10.047,0
-4.7401,5.1485,0
10.384,-0.94662,0
-4.9845,4.7376,0
-5.7356,2.6727,0
-1.4957,8.1078,0
5.2335,-8.8601,0
8.4739,4.9055,0
9.5634,2.397,0
-5.5992,0.56202,0
0.51902,-4.3862,0
9.6129,-0.48733,0
-3.728,-10.102,0
0.27591,-4.0107,0
-5.3412,-1.648,0
2.1897,2.2851,0
4.2926,-9.6295,0
5.4857,7.2828,0
4.6944,7.8651,0
0.0064352,-10.43,0
1.3512,8.451,0
8.4464,5.1221,0
9.0906,-4.0449,0
2.1088,-3.9895,0
7.2842,6.2997,0
5.9362,7.5429,0
3.3331,-9.6143,0
10.116,0.87154,0
-0.79023,-4.7869,0
9.7172,0.99633,0
-3.7125,-2.6788,0
0.3154,8.7946,0
7.7537,5.7143,0
1.9437,-9.8366,0
10.232,-1.6335,0
6.1548,-8.0532,0
-1.2832,-4.0669,0
7.516,6.2571,0
0.043506,-10.102,0
-0.39257,-4.7811,0
9.5769,-0.098296,0
2.225,-3.4564,0
1.4446,8.0652,0
9.3557,-5.1118,0
0.89413,-4.1882,0
5.4112,-9.3357,0
9.9898,-0.36559,0
0.52355,-10.788,0
10.403,0.56191,0
1.6022,8.5708,0
10.319,-1.397,0
5.8235,7.5148,0
0.45998,-4.5564,0
9.7198,-0.19604,0
-2.4886,-10.345,0
4.7478,7.6197,0
9.6906,2.0841,0
9.2073,2.0426,0
-5.9668,0.25988,0
9.4379,-2.5461,0
-3.5017,-3.0357,0
7.1388,-7.3505,0
-5.3505,0.15296,0
-3.6772,-3.1355,0
8.9264,-5.4242,0
-5.9321,2.7258,0
-3.395,-2.9956,0
9.965,0.1467,0
-6.049,2.5249,0
-6.005,2.9141,0
3.0628,-9.2912,0
0.079828,8.047,0
0.56427,-3.9945,0
-5.5169,-1.0959,0
-1.3201,7.7133,0
1.4687,-10.115,0
10.028,2.1784,0
-5.6431,2.4566,0
-2.2213,7.8797,0
1.3715,-10.008,0
0.61272,-10.015,0
3.1111,8.5397,0
-5.8996,3.4057,0
8.6816,3.9136,0
-4.7312,-2.7813,0
2.4186,-10.482,0
-5.5531,1.2899,0
-3.9368,-2.7908,0
3.8786,0.54224,0
-3.5805,6.0444,0
9.0539,3.8513,0
4.1645,-9.6825,0
5.6657,-8.5595,0
3.6145,0.066923,0
-1.1328,8.3915,0
5.689,7.5706,0
4.8186,7.683,0
3.4846,-0.70759,0
9.577,0.96147,0
9.6235,3.4504,0
-5.2156,5.1341,0
2.3104,7.8724,0
-2.2409,-4.0525,0
-5.1445,5.0193,0
7.9231,-6.6315,0
3.9169,-0.11347,0
-5.4022,3.5938,0
-5.2364,-9.8189,0
3.431,7.9061,0
-3.6931,-3.4573,0
0.84933,-10.524,0
4.1307,0.12037,0
-1.1461,-4.4162,0
-6.0048,2.0153,0
7.8365,-7.12,0
0.56552,-10.065,0
-5.3582,0.31079,0
10.157,-2.4789,0
4.5836,-9.4035,0
-2.0048,-10.334,0
1.7816,-10.581,0
0.57036,8.102,0
-1.8145,-10.434,0
2.9342,8.3081,0
-4.2508,-3.1042,0
-4.0947,6.133,0
9.5819,-2.6819,0
-1.9937,-10.085,0
-2.2792,-10.075,0
9.166,1.869,0
-2.0204,-10.631,0
1.009,7.955,0
3.5095,-1.2575,0
-4.6599,4.8113,0
3.9355,-0.23358,0
2.1662,-9.6764,0
2.619,8.7685,0
0.56934,-3.9757,0
-2.0795,-3.9002,0
-5.4357,1.2785,0
-5.8015,0.30903,0
2.0699,-9.7608,0
7.7505,-7.4491,0
-3.1605,6.8691,0
0.062866,8.0401,0
9.7861,2.2846,0
8.2391,5.2592,0
-2.8886,6.7003,0
2.5403,-10.205,0
-5.4245,3.6062,0
-1.554,-10.302,0
-0.037248,7.8665,0
9.4505,-3.4407,0
-5.7802,3.2955,0
3.5401,0.61961,0
-1.8175,-10.572,0
7.8973,5.2991,0
9.9054,-2.2621,0
10.039,1.1148,0
7.5046,-7.0473,0
-4.2714,-9.7265,0
8.8772,-5.4854,0
2.5844,-10.338,0
-4.4916,-9.9692,0
7.698,-6.7639,0
-2.9665,-3.4962,0
-3.5596,6.5285,0
4.0742,0.14516,0
9.1781,-3.7667,0
-3.499,-10.194,0
8.6785,-5.2832,0
8.3672,-6.1039,0
-4.6408,-2.2352,0
-1.6688,7.1166,0
9.6068,3.2736,0
4.209,7.8384,0
4.2614,-9.1297,0
5.0236,-9.1157,0
-3.9227,6.8282,0
3.8302,7.8071,0
9.5573,-2.7572,0
9.7653,2.5163,0
-2.371,-4.0715,0
3.1365,0.95891,0
-0.99705,-4.1794,0
-5.6655,0.17599,0
3.7329,7.8952,0
7.4643,5.0607,0
-5.0346,-9.6171,0
9.1858,-4.5756,0
-4.068,-9.5561,0
2.9457,-1.957,0
10.133,0.17516,0
-3.09,-9.7502,0
-5.1026,3.6516,0
-2.9693,-10.075,0
0.45557,-10.668,0
-5.2527,-1.1127,0
8.6058,-6.2128,0
-4.8056,-2.654,0
0.35458,-4.4226,0
-4.5942,5.5608,0
-2.3122,7.8169,0
0.50512,8.2703,0
-5.1856,4.221,0
-3.9152,6.2041,0
8.6552,-5.0265,0
-2.4811,-10.33,0
1.6309,-3.7832,0
-4.8724,3.5882,0
9.2806,1.994,0
4.2203,-8.9479,0
6.1763,-7.8043,0
9.1213,4.6647,0
4.0882,-0.1663,0
10.048,-1.9771,0
3.5373,-9.8422,0
2.8848,-2.5818,0
-1.9246,7.2022,0
-6.0811,2.9636,0
2.9729,7.9442,0
-4.0703,5.0809,0
-3.1977,-10.454,0
-1.8553,-4.183,0
-5.6968,-0.4461,0
0.89593,-10.113,0
9.7034,0.56624,0
0.09794,7.998,0
-2.2426,7.3062,0
9.8166,-1.3306,0
8.0854,-6.0113,0
8.2056,-5.6817,0
-2.9299,-10.297,0
3.1853,-1.6219,0
1.9971,8.336,0
2.7499,1.8035,0
9.6197,-4.1127,0
6.7362,-7.3585,0
8.8765,4.0502,0
3.9004,0.52279,0
2.1765,2.1524,0
-4.801,-9.8481,0
-5.7197,-1.0928,0
4.7593,-9.3459,0
-2.2503,7.9396,0
4.0296,7.7719,0
0.20955,-4.1834,0
7.0616,-7.5124,0
4.322,7.685,0
-5.2357,4.7338,0
-2.2254,8.0773,0
5.3973,7.8465,0
2.5395,8.1044,0
9.3121,-4.1262,0
9.8763,-2.2256,0
2.2615,2.4282,0
2.271,-3.7387,0
4.4701,7.7879,0
6.8494,-7.9466,0
4.5977,-9.3233,0
10.089,0.51142,0
-1.1243,7.3439,0
1.5596,-10.251,0
-5.5918,2.2563,0
2.4624,-3.3324,0
8.9882,-5.4564,0
6.857,-7.057,0
0.69619,-10.039,0
6.7747,-7.2479,0
-2.1969,-9.9499,0
7.501,5.7844,0
-2.6562,-10.272,0
-4.4235,-10.08,0
6.9773,5.4996,0
3.2448,-9.4623,0
0.6416,-10.585,0
-1.7452,-10.242,0
4.5614,8.04,0
7.0693,-6.968,0
-1.8927,-10.687,0
5.3843,-9.2639,0
-1.4964,-10.926,0
3.0132,8.5185,0
4.1856,-9.7077,0
-4.8993,-9.5797,0
-1.1427,7.5146,0
-4.2906,-2.6271,0
4.9107,-9.6506,0
9.8269,2.3592,0
-2.8985,-10.298,0
6.0285,7.3764,0
-5.8717,2.7936,0
9.8521,-2.4309,0
-0.90426,-10.808,0
9.7592,0.71344,0
-3.8372,6.7795,0
5.8044,6.9172,0
0.80477,8.0574,0
1.3732,-3.5598,0
9.7793,2.1139,0
1.9413,-10.517,0
8.8349,3.9349,0
-5.1833,5.2511,0
0.5831,-10.549,0
6.1181,-8.6904,0
6.5999,-7.4457,0
9.5579,1.9718,0
8.993,3.9871,0
-4.9088,5.093,0
8.3639,4.4629,0
-4.5485,-9.5834,0
5.4759,6.8924,0
9.9429,-3.0194,0
5.5207,6.98,0
7.5835,-6.0043,0
-5.1059,-0.50257,0
-5.7657,1.707,0
0.34727,-4.0871,0
8.7225,-4.3187,0
2.4334,-9.7282,0
5.7978,-7.924,0
7.9589,-5.9007,0
0.19952,-4.125,0
7.6827,6.3739,0
3.4978,-9.727,0
3.6347,-9.5327,0
-1.0805,8.2892,0
-5.7518,3.7934,0
-1.2367,-3.8093,0
9.3247,-3.0246,0
8.644,4.1692,0
2.0967,1.6095,0
1.5164,8.7229,0
3.4767,8.4588,0
6.3811,-8.3116,0
3.8219,-9.4663,0
9.2906,2.9046,0
-2.488,-4.2284,0
9.8058,2.4131,0
8.4749,-5.6749,0
2.3215,8.4992,0
-5.4453,-0.26548,0
-5.3808,3.1257,0
-4.7077,-9.4768,0
5.0207,7.3657,0
4.7843,-9.0373,0
9.6013,1.8871,0
4.9157,-9.1858,0
-2.3491,-10.171,0
10.415,-0.97234,0
10.266,0.62747,0
9.8931,-0.39324,0
3.3072,-2.4671,0
-1.9057,-10.452,0
0.31042,-10.953,0
9.6363,-4.0824,0
-4.5604,6.1088,0
-3.0582,7.5739,0
1.8991,-3.3136,0
7.0756,5.9686,0
9.3343,1.8173,0
8.6792,-5.8383,0
1.084,2.0362,0
-3.8484,-3.2473,0
4.1544,7.9595,0
-1.5282,7.7886,0
-3.1257,-10.819,0
-1.2366,-10.405,0
-3.1479,-10.399,0
-5.6586,-1.1323,0
-3.3425,-2.748,0
8.9822,3.092,0
9.2773,2.3267,0
9.4165,-3.5357,0
-4.7617,5.7019,0
-0.14848,7.8429,0
-3.1794,6.8542,0
-2.1306,-4.2327,0
1.3548,-3.6406,0
7.9214,5.1539,0
-4.4438,5.8595,0
-5.1893,-9.2597,0
8.4343,-5.6845,0
9.2072,3.2729,0
8.6408,-4.6749,0
-3.9397,-9.9749,0
2.2928,8.428,0
-0.559,-10.816,0
1.0012,-10.872,0
3.6325,-9.5922,0
3.9291,-1.2672,0
-1.5836,7.7925,0
-4.8247,4.9341,0
9.474,-0.21112,0
-2.3851,-4.3826,0
-0.51347,8.4869,0
2.5779,-9.6879,0
-6.1019,2.1408,0
3.8901,0.3047,0
-5.6098,-9.4307,0
9.8049,1.8254,0
-5.5648,2.2883,0
2.8426,7.8283,0
7.9658,-5.9647,0
8.797,4.1693,0
3.0761,7.9598,0
9.3517,1.518,0
-4.2823,-1.7911,0
5.3255,-9.2699,0
4.6005,-9.5568,0
5.5389,6.9273,0
7.8528,-6.645,0
0.8397,8.1631,0
8.6158,-5.0948,0
-3.4563,-3.6531,0
6.874,6.7117,0
9.3469,-2.4019,0
-3.144,-3.3426,0
3.3959,-3.1001,0
-3.0856,7.3652,0
3.224,8.1315,0
7.8909,-7.0189,0
-2.1157,-4.475,0
-0.15276,-10.515,0
-5.7895,0.18639,0
-0.77737,7.6568,0
2.2172,8.7896,0
-3.5946,-9.6337,0
-4.4429,-2.1114,0
1.082,-10.408,0
8.1524,4.8338,0
-3.9185,6.6495,0
0.3025,-10.335,0
8.654,4.561,0
4.8167,7.5009,0
5.1855,-8.8879,0
-1.4207,7.9756,0
-3.6406,-9.9805,0
8.6772,4.2926,0
7.4469,-7.8692,0
9.9692,-3.1754,0
-5.4126,-0.31054,0
3.5181,-9.472,0
2.1991,-10.164,0
3.6659,-1.3671,0
9.9852,1.4894,0
-5.8335,3.5386,0
8.0556,-6.4169,0
5.6638,7.5321,0
5.6732,-7.9919,0
7.1252,5.7475,0
9.527,2.136,0
-5.7732,0.66952,0
-1.7677,7.9396,0
-4.4405,4.8336,0
3.2057,-9.7096,0
-4.1518,-9.9632,0
9.5705,0.95202,0
1.0688,-10.663,0
-4.0902,-9.8956,0
9.8104,-1.1276,0
5.375,-8.9355,0
0.79111,8.0036,0
5.4309,6.9464,0
2.9323,-2.3123,0
5.9508,-8.5492,0
-1.8305,7.6976,0
3.1094,-9.5255,0
-5.1385,-9.3395,0
6.0666,7.7489,0
-1.8554,7.1045,0
3.7844,-2.5092,0
-0.32215,-10.315,0
9.3627,-3.8761,0
2.8039,8.1618,0
-4.0128,-10.4,0
8.8187,-5.1714,0
10.156,-1.9686,0
7.2217,5.7613,0
1.2355,-9.8907,0
2.7408,-2.6631,0
5.1313,7.9573,0
-4.2785,5.5232,0
-5.2683,-1.282,0
-3.3167,-3.1771,0
-0.039729,-10.384,0
2.9577,-2.7808,0
-3.0996,-9.7597,0
8.9654,-4.3197,0
2.901,1.2549,0
1.4815,2.6515,0
3.0549,-10.317,0
4.537,7.3657,0
4.1659,-9.3973,0
-6.0759,-0.071952,0
5.4439,-9.0887,0
-5.7379,2.0798,0
-5.5841,-9.0688,0
-1.8359,-10.219,0
8.8602,4.5728,0
-0.74487,-10.97,0
10.174,-0.42125,0
7.0001,-7.3828,0
8.9908,4.0622,0
-5.5509,-1.1746,0
-0.14865,-10.441,0
7.5454,5.8769,0
-5.5615,-9.8246,0
-0.54142,8.3158,0
-5.6099,-0.23943,0
8.3252,-5.4012,0
-4.1302,5.9423,0
-0.92027,-4.2043,0
1.4331,-10.702,0
9.3195,-3.2738,0
-2.3353,-10.157,0
1.3893,8.5045,0
4.6462,-9.1171,0
5.8431,-8.6622,0
-1.6773,7.5347,0
-0.28397,-10.045,0
-4.9239,4.4341,0
-3.8468,-2.5245,0
3.7688,7.5451,0
-6.2594,1.9992,0
1.6791,2.2592,0
9.6779,1.1,0
9.9922,-1.9413,0
9.8691,-1.281,0
9.8342,-3.1525,0
2.9126,-10.039,0
3.5642,-0.89247,0
9.8627,-3.3552,0
9.5555,3.5988,0
9.2991,-3.0942,0
0.96598,-10.397,0
-5.2067,3.1412,0
2.9732,-3.4484,0
-3.9143,5.523,0
6.0246,-7.6846,0
6.7398,6.8896,0
3.2045,7.8855,0
-3.7262,-3.0738,0
-5.3706,2.8426,0
9.5977,-3.2562,0
5.2981,-8.6753,0
9.6305,-4.2576,0
8.7409,2.8602,0
-4.7189,-9.9722,0
4.2588,7.4771,0
6.1339,7.3758,0
-4.9808,4.1924,0
10.282,-0.96461,0
1.483,8.3113,0
-4.8566,5.6151,0
9.5294,1.5361,0
5.9909,-8.2693,0
-3.8583,-10.404,0
7.0045,-7.9676,0
9.4603,2.0022,0
3.9979,7.9501,0
-3.0795,-3.5131,0
-5.2974,-0.6468,0
8.9995,-4.4937,0
-3.2326,-9.9858,0
9.5292,-0.35804,0
0.97787,-10.942,0
-5.5847,0.18419,0
9.5043,-3.3329,0
-4.582,6.1649,0
3.3148,0.20089,0
4.7706,-9.4176,0
2.8781,7.9727,0
1.5675,-4.1175,0
-1.2371,-10.224,0
0.2951,8.6629,0
9.4194,2.7708,0
-6.0165,1.2706,0
9.5758,-1.3512,0
-1.3928,8.2693,0
5.118,7.5198,0
0.29098,8.1323,0
-2.9667,6.9251,0
-5.6376,3.5186,0
7.4113,-7.4163,0
-6.2539,1.2538,0
-3.2207,-10.41,0
-0.94926,-10.336,0
-5.1033,3.8659,0
-5.3593,0.17744,0
-5.9538,1.8762,0
-5.9684,2.0281,0
-6.2587,1.1831,0
2.4772,8.3955,0
4.1909,-8.9692,0
10.246,0.97412,0
-5.2328,-1.6683,0
5.3261,-8.4621,0
-4.8169,-10.141,0
-3.3877,-3.898,0
3.3053,-9.789,0
-5.559,1.1683,0
1.5836,8.7417,0
-3.4269,6.1386,0
2.8004,8.3169,0
-3.8644,6.7966,0
0.086017,-3.9625,0
9.4273,-2.2019,0
3.3497,-2.0071,0
-5.1085,-0.77105,0
6.605,6.659,0
-5.7837,3.6098,0
2.0811,8.0385,0
9.2935,1.552,0
3.7581,-1.3139,0
0.70196,-10.011,0
2.6232,-10.172,0
1.8794,-3.6426,0
-4.4638,-2.2005,0
3.4339,1.2359,0
9.3215,2.1446,0
9.2245,-4.0024,0
7.2292,-6.5418,0
-5.7427,-0.30341,0
-2.9341,-10.396,0
5.4214,7.4127,0
3.3805,-2.5918,0
-4.3418,-2.7975,0
-3.479,7.2859,0
1.4595,-10.344,0
3.8849,-0.78289,0
-2.1864,7.1594,0
9.6313,-0.093999,0
4.4316,-8.9654,0
4.1165,-1.7639,0
6.6497,-8.311,0
3.9628,-2.0772,0
-4.49,5.3689,0
-5.3506,4.0543,0
-0.053309,-10.311,0
10.116,1.7336,0
6.7444,6.8487,0
7.9987,-6.074,0
-0.84439,-4.082,0
1.2579,-10.744,0
7.2914,5.8398,0
1.9898,1.8005,0
-3.969,-2.6202,0
-5.8041,3.0998,0
4.2618,-0.44979,0
10.022,-3.2728,0
4.1731,0.66538,0
6.1262,6.5315,0
4.929,7.1438,0
-5.0259,3.897,0
9.7031,2.6957,0
-5.019,4.8567,0
-1.0835,-10.627,0
2.1758,2.0786,0
8.4586,4.1206,0
-1.3969,7.6378,0
-1.4803,8.3139,0
3.3243,1.0511,0
10.006,-2.7851,0
8.9501,4.0549,0
7.0398,-7.5013,0
6.0441,-8.4321,0
-5.6094,2.2202,0
-5.0246,-1.2112,0
-1.9187,7.9522,0
8.567,-5.1438,0
-1.826,-4.1778,0
2.6264,8.2478,0
3.5931,1.5018,0
2.2659,-3.7097,0
9.2799,-4.2237,0
5.2604,-8.7996,0
-0.35914,-10.322,0
-0.0095971,-10.081,0
10.153,0.13472,0
-1.6313,-3.9602,0
3.3425,-2.7662,0
6.5743,-7.3691,0
8.2994,-6.0048,0
9.7388,0.34616,0
9.0142,-5.6478,0
-5.1131,-0.69439,0
6.3229,-8.777,0
-3.6611,-10.461,0
2.1125,8.7793,0
-5.9417,2.0648,0
4.9803,7.5474,0
9.4814,-2.2876,0
3.3735,-9.9435,0
-2.7271,-10.736,0
-1.5886,-4.5838,0
9.717,-3.6048,0
2.3543,-4.012,0
0.17453,-4.235,0
-2.2361,-4.6286,0
7.1037,6.1312,0
5.1347,7.1128,0
3.1906,8.3478,0
6.3244,-8.4845,0
7.339,5.7075,0
10.101,-2.5018,0
5.3633,6.9794,0
-3.3153,6.2736,0
-6.1327,3.2049,0
-4.2894,-9.8286,0
-5.2894,3.1742,0
5.8017,-8.3985,0
6.6123,6.4356,0
-3.9589,6.5958,0
9.8116,1.0106,0
2.113,1.6431,0
2.48,-2.3142,0
-0.57721,-11.027,0
-0.14697,-10.389,0
4.3202,-9.1977,0
-0.16368,-10.514,0
9.8722,-3.0088,0
6.7864,-7.5709,0
9.7643,-3.6986,0
-5.7036,-1.0911,0
3.3071,7.7744,0
6.2122,-7.9105,0
0.99195,2.0319,0
8.9429,3.9175,0
2.1282,8.732,0
2.7683,-2.1209,0
3.0777,8.6243,0
3.4864,-10.092,0
10.345,0.99736,0
8.0389,-6.4622,0
-1.7119,-10.142,0
-3.8771,6.6704,0
8.0917,-6.0659,0
1.9297,-10.01,0
3.1076,7.8923,0
7.5269,6.0424,0
10.294,-0.8504,0
4.3248,7.7502,0
-4.8188,-2.0462,0
-6.2579,0.36296,0
1.4127,8.8862,0
3.3716,1.5168,0
8.0307,-6.0918,0
2.5508,-3.1534,0
2.7071,8.0374,0
8.0101,4.978,0
9.6577,1.4163,0
3.0352,8.148,0
1.4463,-3.5464,0
-5.4621,4.1723,0
2.2913,-2.989,0
8.6298,-5.5179,0
-2.7765,7.4284,0
9.8849,-1.4654,0
5.2479,7.0105,0
-0.083072,7.7,0
-3.412,6.898,0
-0.069862,-4.0046,0
-1.0819,8.2295,0
-1.2741,8.0117,0
5.7224,6.9631,0
5.4706,-8.7441,0
9.3795,-3.7492,0
3.3712,-10.318,0
6.4954,6.672,0
2.8451,-10.34,0
4.2101,7.9356,0
-5.5598,3.1793,0
9.6477,-0.17839,0
8.735,4.2038,0
8.5264,5.1518,0
-0.34251,7.9543,0
2.0187,8.3638,0
-2.4294,-3.8187,0
-4.646,4.569,0
2.116,2.221,0
-1.6443,-10.05,0
10.25,1.3945,0
1.1617,-10.268,0
2.2512,8.8867,0
1.0124,8.7628,0
8.212,4.5501,0
9.4644,2.5671,0
6.8906,6.2183,0
9.576,2.611,0
-1.5847,-3.9721,0
7.1555,-6.7514,0
9.7734,-1.2412,0
-2.6085,6.964,0
-4.6808,5.877,0
-5.2786,3.3703,0
-3.2262,-3.758,0
-3.6762,7.0123,0
3.8847,-9.8942,0
-6.2365,1.3949,0
2.1667,-3.5767,0
6.1932,7.2899,0
-1.6504,-3.8996,0
1.0745,8.0768,0
0.691,-3.9251,0
8.8024,-4.5814,0
-3.1349,6.6578,0
8.8744,3.393,0
10.301,-1.6357,0
10.104,-1.1565,0
9.768,-3.852,0
-4.7642,5.4974,0
1.4473,-3.8534,0
10.249,0.039674,0
-5.2136,2.7873,0
0.85711,-10.783,0
-5.019,5.4794,0
8.7862,-4.9818,0
-3.6327,6.9042,0
-1.8195,8.1496,0
9.751,1.9081,0
-0.13439,-10.429,0
-5.1745,3.3513,0
-2.1515,-10.287,0
8.3833,-6.2588,0
2.2578,2.6703,0
2.954,-9.4651,0
9.5412,-3.7141,0
8.9766,4.1671,0
-3.2355,7.2444,0
-3.2009,6.454,0
1.6973,-3.9285,0
4.4235,8.0914,0
10.297,-1.9949,0
9.2507,2.9868,0
0.25426,7.9921,0
-1.2109,-10.162,0
-2.2416,7.5622,0
-2.6447,-10.648,0
3.6326,-0.14372,0
3.0174,7.927,0
8.9739,-3.7402,0
9.7007,-4.3103,0
6.4868,6.219,0
10.088,1.3768,0
8.1423,-6.2746,0
5.5005,-8.321,0
-3.4715,6.7675,0
9.3459,3.5568,0
3.2216,-9.9272,0
9.1412,2.4738,0
6.6622,6.4004,0
2.9615,-10.15,0
9.8631,-2.5935,0
0.38285,-4.5314,0
6.9437,6.784,0
3.6169,0.91899,0
3.3181,8.0452,0
0.28308,-11.023,0
3.5441,-1.1946,0
-1.8515,-10.015,0
-4.3329,-2.2921,0
-0.84782,8.2748,0
-5.5285,-0.29188,0
0.37637,-4.2604,0
3.0029,8.0433,0
-5.2688,3.6159,0
0.666,-4.4232,0
6.4017,7.1775,0
-5.3665,1.4966,0
-2.7433,7.6902,0
8.9271,3.7854,0
8.055,4.815,0
1.4681,8.4736,0
-0.18853,7.9647,0
-0.56421,7.6299,0
-5.0294,3.9136,0
-5.047,-1.9176,0
-1.9834,-3.8053,0
3.2523,1.8944,0
8.0211,-7.1627,0
6.2994,6.8377,0
8.8105,-5.5745,0
7.5281,-6.8963,0
-5.4643,3.7134,0
-5.5772,-1.1248,0
2.6532,-2.7574,0
1.8213,8.1501,0
9.3051,-3.8095,0
-3.8128,-10.291,0
8.9238,4.2955,0
3.2162,-1.7829,0
9.6693,2.7837,0
-5.0141,3.5123,0
8.1516,5.3413,0
3.1084,7.9286,0
-1.2242,-3.9435,0
-0.98929,7.6713,0
7.4789,-7.4681,0
-0.6168,-10.993,0
9.6385,-3.3188,0
-3.7297,-9.8778,0
-1.1583,-3.7984,0
9.9253,-0.46903,0
0.15414,8.5285,0
8.4126,4.4643,0
-5.1294,-0.86771,0
0.50212,8.1317,0
-3.0857,6.5647,0
-1.9929,7.8048,0
-0.70568,7.9565,0
-0.62988,-4.4184,0
6.7272,7.1043,0
5.0193,-9.5297,0
-2.3545,7.0411,0
6.2455,6.4828,0
-1.2669,-4.7539,0
9.6215,3.4522,0
7.0181,6.6028,0
-2.0695,7.4204,0
2.6386,-10.395,0
-3.1545,7.5815,0
3.8828,8.2028,0
-5.5677,1.804,0
6.5556,-7.011,0
-5.9233,4.1206,0
7.2858,6.2796,0
7.6185,5.4056,0
2.1632,-10.12,0
-2.1278,-10.139,0
3.461,-1.5815,0
-3.9371,-9.7311,0
10.296,-0.049321,0
2.4355,-3.3003,0
-5.1822,-0.040109,0
-1.4187,7.2082,0
2.3415,8.7841,0
7.9793,-6.667,0
-0.16159,-10.425,0
9.8029,0.37034,0
-2.3618,-10.502,0
8.0739,-7.0571,0
7.4217,5.886,0
3.464,-9.4753,0
4.8058,-8.7566,0
-2.2137,-4.2632,0
7.7086,-7.2429,0
10.012,1.1024,0
0.52295,8.5668,0
3.4017,-9.361,0
3.554,-0.37518,0
1.0589,-4.3802,0
-2.329,-10.185,0
0.12404,8.4473,0
7.6026,5.0276,0
-0.12939,-10.834,0
-2.9121,6.8675,0
9.9363,-2.1011,0
8.1907,-5.5082,0
-6.1043,-0.0021292,0
8.6415,4.3836,0
3.9876,8.1998,0
9.8208,0.88393,0
7.8682,4.7148,0
6.8832,6.5497,0
-5.246,4.8244,0
1.7555,-10.823,0
-1.4745,-10.106,0
5.6,-9.0115,0
-3.513,-10.167,0
7.9544,5.4518,0
-0.44962,-4.5989,0
9.746,-0.83027,0
-5.3294,-2.0299,0
2.5204,-10.13,0
-2.1791,-10.332,0
0.28984,-4.5659,0
-4.41,5.2202,0
5.6243,-8.4242,0
2.9222,8.2088,0
6.1192,6.7904,0
3.4691,-0.039603,0
8.7926,3.6822,0
8.6324,2.9569,0
8.1804,-6.0295,0
1.6389,-3.9232,0
6.4125,-8.1756,0
-5.058,-0.97692,0
7.3273,5.8598,0
-1.1432,-10.975,0
-4.2491,-9.5622,0
-3.8644,-10.381,0
-4.6195,5.4511,0
7.7622,-6.3276,0
-5.5842,-1.1526,0
2.1247,-9.7873,0
10.196,-1.2719,0
0.57969,-4.554,0
9.3763,3.3931,0
-3.169,-10.002,0
3.5555,-9.4078,0
7.8753,-6.4591,0
8.9972,-4.1586,0
-5.5515,2.3056,0
3.9591,-1.3521,0
4.5833,7.4188,0
-1.1739,-4.4673,0
-4.2081,-3.1564,0
2.0333,8.1363,0
10.162,-1.9877,0
-3.7547,-9.8523,0
-5.7738,4.3971,0
7.5952,5.8918,0
-0.98514,-10.565,0
-3.6274,-3.0135,0
6.449,-8.2283,0
-0.073973,-4.4473,0
1.4783,-10.446,0
6.9747,6.3677,0
-3.8119,-10.054,0
7.6055,-6.8118,0
8.9265,-5.6614,0
1.4439,2.0087,0
-5.9283,-0.31808,0
-5.7694,2.7552,0
1.8817,-4.0473,0
7.885,-5.9776,0
4.7346,-9.5726,0
-2.9405,6.9016,0
-1.8195,-3.8839,0
10.269,-1.5534,0
4.0041,-9.038,0
9.5646,-2.9263,0
-2.7758,-3.537,0
-0.50046,7.7856,0
9.9238,-2.2617,0
7.241,5.9968,0
-4.2119,-10.219,0
-5.4616,3.7756,0
2.2651,-9.8808,0
-0.87914,8.4229,0
-1.8075,-3.7944,0
1.5592,-3.3787,0
8.3179,-5.6334,0
-1.6007,7.8207,0
-0.90372,7.7613,0
-4.3349,5.6363,0
-5.0995,5.0994,0
-6.1623,2.7617,0
4.6224,8.3106,0
-4.4793,-9.3011,0
-0.20068,7.7297,0
-1.7559,-10.642,0
-4.3334,-3.3294,0
-0.92391,-10.198,0
7.5961,-6.8316,0
3.0169,-9.9437,0
9.5146,1.5729,0
0.080085,-3.8257,0
3.8196,8.1311,0
10.35,-1.1956,0
3.1015,-2.0175,0
3.6777,0.78222,0
-4.7899,4.2272,0
-1.7646,-10.127,0
7.213,6.4431,0
2.0645,-9.962,0
-0.54376,8.2587,0
0.92292,-10.2,0
7.5077,5.7351,0
1.1004,-10.379,0
0.75393,-4.4293,0
-5.3472,0.18932,0
9.699,-4.3567,0
-1.6444,7.4933,0
1.1646,2.6429,0
-0.84913,8.4564,0
-3.782,5.9135,0
0.43916,8.5674,0
-4.34,-2.0498,0
-5.8214,-0.012683,0
9.8058,2.2336,0
9.7634,2.166,0
-3.7949,-2.5435,0
-1.6401,-10.011,0
2.8227,-2.4367,0
-5.5445,-1.1991,0
6.5846,6.5683,0
7.5204,-6.7012,0
-3.24,-4.1613,0
-1.8457,-10.625,0
1.6696,7.9916,0
3.5415,-2.4881,0
10.13,-2.5605,0
-5.2015,3.7327,0
6.5023,-8.2594,0
-3.4761,-10.25,0
9.0834,-3.5335,0
6.6661,6.5442,0
0.29887,-4.1914,0
-4.6196,4.0563,0
7.6592,5.5126,0
2.8256,1.4884,0
-5.3667,4.1781,0
9.7807,2.7003,0
-3.8328,-2.6237,0
-4.2914,-2.9782,0
10.145,-2.3699,0
8.6607,4.0317,0
8.0439,4.1345,0
-3.0991,-10.602,0
10.383,0.11567,0
-3.5902,5.9737,0
6.8993,5.5815,0
2.7409,-10.57,0
-4.6009,-9.8821,0
3.8792,-9.9432,0
-2.568,7.3994,0
7.4614,-6.6072,0
-2.0367,-10.222,0
10.072,-1.6962,0
5.4302,7.6557,0
-5.1551,4.024,0
9.9278,2.5157,0
-3.5865,6.7585,0
-3.299,-9.9433,0
2.8049,8.5264,0
-3.6671,-10.376,0
9.5226,-2.1901,0
9.5823,-3.9801,0
-3.2955,-10.135,0
-1.4575,-10.65,0
3.6934,-9.4246,0
-3.3868,-2.922,0
4.1073,-9.6144,0
4.6191,7.5882,0
-4.3735,4.6456,0
7.2353,6.2663,0
3.9471,-9.3612,0
7.6506,5.4202,0
-6.0329,3.0802,0
-1.9051,7.6169,0
-4.4658,-2.1745,0
-2.207,7.7391,0
-4.9671,-1.4696,0
4.1612,-9.4367,0
-0.85953,8.2965,0
2.9853,2.3107,0
-4.1827,5.9745,0
3.5683,-9.3892,0
-5.2832,4.0717,0
6.6468,-7.3708,0
7.9009,5.6141,0
-2.8118,-3.6093,0
7.5914,5.4544,0
-5.1568,4.0957,0
9.4089,-5.0243,0
7.9662,-5.3398,0
3.7748,8.5229,0
-5.0927,-1.6322,0
-1.9962,-3.5866,0
-5.1869,4.0193,0
9.5061,-0.57427,0
5.4866,-9.1091,0
9.6309,-1.9957,0
-4.9787,4.76,0
-2.4664,-4.2833,0
-6.2846,1.6676,0
9.8769,-4.0141,0
2.8974,-3.5305,0
5.9894,6.5914,0
-4.9446,-9.3788,0
0.56065,-10.658,0
9.1124,2.8093,0
7.4982,-7.1129,0
8.4113,-6.062,0
9.7919,-4.1332,0
10.184,-3.1825,0
-5.4606,4.091,0
9.549,2.8147,0
10.295,0.67675,0
5.4415,-9.0442,0
3.5199,1.3368,0
-6.1065,-0.10821,0
-4.2123,-9.7192,0
5.0396,-9.0919,0
10.038,0.2568,0
9.8892,-3.1817,0
5.3738,-8.7704,0
-4.9644,4.1375,0
9.5018,-2.2713,0
3.9027,0.1217,0
8.3531,4.5942,0
7.6883,5.6551,0
1.6392,-10.707,0
-4.4344,-1.4475,0
-1.0468,-10.79,0
-3.8429,-10.239,0
-3.7519,6.5705,0
9.9421,0.2612,0
7.5781,5.9421,0
3.7386,7.776,0
-2.0225,7.2386,0
-2.9056,7.1188,0
1.9801,-4.0248,0
-0.4031,8.2731,0
-5.949,1.0314,0
5.975,7.376,0
9.0746,-4.0936,0
-2.1344,-4.1888,0
3.9808,-9.5229,0
-1.2003,-10.074,0
4.653,-9.4466,0
5.8074,6.7928,0
9.7563,-1.4436,0
4.0035,7.9095,0
1.4987,7.9365,0
3.554,-0.27781,0
-0.93209,-10.579,0
3.7791,-1.1587,0
5.1675,7.6693,0
0.18318,8.1615,0
8.146,4.9221,0
-5.0778,-9.3004,0
0.50383,-10.278,0
3.1477,1.39,0
6.2276,-8.2847,0
5.5996,7.7304,0
0.31549,8.6443,0
4.5215,-8.9356,0
1.5603,-10.344,0
-5.1323,-9.1311,0
-5.3144,-0.97851,0
2.3339,-10.087,0
-4.1475,5.6115,0
1.1122,7.9895,0
5.4294,-9.2079,0
-1.4977,7.6097,0
1.8874,8.7458,0
0.7158,-3.8982,0
9.6504,-1.8919,0
8.96,-5.9712,0
-4.5319,5.7086,0
-3.3142,6.8566,0
8.2399,-5.6662,0
-4.6461,-9.5036,0
9.7447,-3.7216,0
1.2217,-4.4973,0
4.8966,7.6938,0
10.263,0.26583,0
7.3738,5.278,0
-2.7721,-4.3468,0
-5.1072,3.4163,0
-5.0015,-9.6646,0
5.5799,-8.8302,0
-1.7612,-10.567,0
-2.1204,7.1777,0
-5.565,-0.29483,0
9.5019,-3.0065,0
-2.1279,7.3658,0
3.113,8.462,0
-0.077729,-10.452,0
4.4138,-9.797,0
-0.38701,8.1557,0
8.1776,-6.0559,0
-4.8282,4.4611,0
-5.0363,5.1328,0
-4.9895,4.9699,0
3.1849,0.66572,0
-0.86612,-10.508,0
9.5157,-2.7562,0
-5.7367,0.98907,0
5.9867,6.7438,0
6.5463,-7.9709,0
-0.25889,8.4841,0
-5.282,-0.3587,0
8.8214,-4.8383,0
6.7825,-7.2202,0
9.7297,-3.5597,0
9.9069,0.64697,0
7.5199,-6.9798,0
7.1058,6.1861,0
-3.8659,6.8941,0
1.4045,1.9049,0
9.1101,2.9222,0
-4.5037,-2.3991,0
-5.342,-1.2519,0
-3.2788,-4.0952,0
6.3868,6.1044,0
2.91,1.1951,0
5.0288,7.4008,0
3.4093,-1.612,0
2.922,8.1788,0
-3.7492,-3.496,0
8.6581,3.3053,0
5.1851,-9.2514,0
1.0809,-4.0524,0
-6.0794,1.4784,0
-6.0432,1.9117,0
-2.1192,7.116,0
1.2579,8.2056,0
-0.36881,-3.9841,0
0.79188,8.5205,0
10.235,-2.4503,0
8.0122,5.0625,0
-1.9911,7.352,0
9.5229,-1.4043,0
10.099,-3.2685,0
-2.0929,-4.2598,0
2.5816,8.3622,0
-1.9271,-10.04,0
9.5472,3.5012,0
8.9548,3.0613,0
7.1037,-7.0268,0
-5.8364,2.2582,0
9.5792,-3.7549,0
-4.9859,4.891,0
9.2506,3.6612,0
9.6023,0.04866,0
0.070191,8.4878,0
-6.2843,2.4038,0
-1.6318,-10.942,0
3.9629,7.7427,0
7.8734,5.0197,0
10.004,-0.52803,0
9.9748,-1.8247,0
2.8852,8.3367,0
-4.5302,-2.9308,0
9.5476,-3.2253,0
-0.9533,-10.483,0
-0.95629,8.2619,0
9.7109,-0.60644,0
0.73981,-10.712,0
5.0236,7.5558,0
9.7494,0.13031,0
4.3657,7.6149,0
-0.054612,-4.7789,0
-0.39002,-4.6616,0
0.14742,-4.0162,0
3.7671,8.2088,0
-1.4918,-10.536,0
9.5483,-0.51895,0
-1.3339,-10.376,0
2.4958,-3.1169,0
-4.1417,5.6574,0
-2.6956,-10.672,0
2.4272,1.8629,0
-4.272,-3.0223,0
7.3202,-7.0634,0
3.7525,-9.938,0
10.091,1.1804,0
7.4533,6.4606,0
-1.8731,-10.197,0
7.9465,-6.6102,0
8.9142,-3.7249,0
7.609,-6.536,0
1.6332,-9.8994,0
-3.1614,-9.8374,0
-4.1713,-10.017,0
-0.64813,-10.723,0
-5.5275,3.9431,0
3.0716,-2.5696,0
4.5101,-9.3993,0
-4.2511,-1.9388,0
4.0457,-0.69619,0
7.4082,-7.1143,0
8.0381,4.7625,0
-3.1034,6.5586,0
8.8262,2.9511,0
3.3978,-9.9014,0
10.163,-0.68133,0
1.5763,7.9486,0
8.5496,4.6847,0
-4.7225,-2.0616,0
-5.4865,0.85632,0
-5.6316,-1.0156,0
-5.6602,3.094,0
-2.3583,-10.293,0
9.6113,-0.28093,0
4.0465,-9.9017,0
-0.25983,7.7604,0
-3.8808,-2.9308,0
7.7562,-6.3515,0
2.1042,-10.184,0
-2.3215,7.8669,0
-4.1988,-2.0483,0
-5.0263,-9.1321,0
-3.0788,-10.221,0
-3.7452,-3.3417,0
-1.5617,-10.343,0
1.9845,8.7652,0
-5.3044,0.096091,0
-2.1434,-3.8196,0
-6.0936,2.5424,0
8.678,4.5757,0
1.718,-3.4686,0
10.051,2.0063,0
3.5352,-0.41528,0
4.2092,8.4936,0
-3.7428,7.1196,0
-2.4505,-10.042,0
-4.3093,5.3732,0
2.5148,8.4048,0
10.303,-2.2116,0
-0.4812,8.3849,0
-2.1031,-3.7657,0
0.98226,-4.074,0
-4.1302,5.356,0
4.9714,-9.2931,0
10.303,0.29037,0
-5.2834,-0.74733,0
-4.2964,-10.264,0
2.4503,8.4438,0
3.7243,-9.4019,0
7.5854,5.3814,0
3.5294,0.28651,0
2.6595,2.4334,0
6.2086,-8.2504,0
3.8495,7.9394,0
-5.4281,4.3637,0
2.267,-9.8715,0
9.8464,-1.6417,0
-5.4838,4.2169,0
10.241,-0.59254,0
-5.9212,2.6042,0
-3.9888,-2.8611,0
-1.5347,7.8086,0
7.7008,4.9225,0
-0.94748,-10.26,0
8.361,-6.345,0
-2.4998,-3.3476,0
1.7733,2.0194,0
-1.1973,-4.2662,0
-0.25678,-10.308,0
10.175,-2.7883,0
-0.81711,-4.3694,0
-2.9745,-10.241,0
-1.2158,-4.0963,0
5.9377,7.4836,0
-1.4723,7.3613,0
5.009,7.2623,0
2.8996,-2.3601,0
-3.1826,6.384,0
-5.2407,3.1884,0
-5.5038,2.1044,0
-1.9203,-10.411,0
3.4237,-0.078944,0
0.3572,-10.221,0
-1.0773,8.2407,0
10.143,-1.6217,0
-2.7697,-10.551,0
0.79681,-4.3084,0
9.2083,-3.4667,0
1.2962,8.5147,0
-0.75176,-4.0355,0
5.7589,6.6679,0
4.1936,7.8154,0
2.098,-10.193,0
9.5945,-1.4317,0
-5.2166,3.9767,0
9.8166,-1.969,0
9.6652,-0.87789,0
0.048083,-10.213,0
1.6741,-9.8895,0
-3.3522,7.1973,0
2.4897,7.9412,0
5.6727,-8.4098,0
-1.1838,-10.305,0
2.5738,-9.9342,0
6.7498,6.5024,0
9.4846,2.579,0
-0.76112,-10.428,0
-3.8969,-2.4617,0
-0.6788,7.9621,0
-6.1866,2.8006,0
4.5831,-8.988,0
2.1538,-2.9158,0
-5.6426,4.6241,0
8.8461,4.0476,0
9.5961,0.28679,0
1.4138,8.0685,0
-5.3705,2.961,0
1.3171,8.6932,0
-0.30285,8.2957,0
0.864,-4.3137,0
-1.7986,-3.9758,0
10.266,0.83581,0
9.6128,-1.0907,0
3.3768,-10.109,0
6.5246,7.2419,0
-4.189,5.4694,0
-4.2617,-3.1294,0
4.0291,-1.8949,0
-6.2624,0.99379,0
-1.6002,8.1293,0
9.1457,3.3646,0
8.5841,3.2447,0
6.3622,-7.3743,0
9.2484,2.6998,0
0.044072,-4.0195,0
10.392,-0.82293,0
1.9349,-3.5839,0
-1.7477,7.9682,0
-5.0086,4.1223,0
8.6572,-6.119,0
3.2051,-2.8125,0
7.7254,-7.1984,0
-5.412,1.4556,0
-5.9628,1.2406,0
2.5851,2.1413,0
-1.8261,-4.446,0
-5.4846,-0.23837,0
-5.8576,-0.11169,0
0.39311,-10.841,0
-5.0307,4.1395,0
0.84204,-4.367,0
6.7737,-7.7935,0
9.6037,-2.3889,0
9.4587,1.1163,0
-3.0701,7.4249,0
9.6822,-3.3169,0
-6.0131,0.85573,0
-4.2775,5.7851,0
-1.7074,7.4264,0
-5.4484,-0.38468,0
9.9575,-2.535,0
7.9123,-5.4138,0
2.3808,2.237,0
-2.0943,7.202,0
-5.4619,1.7195,0
-1.1967,-10.351,0
6.9375,-7.1014,0
-0.39811,8.0402,0
9.8651,-3.3054,0
9.3568,-3.5713,0
9.0384,2.171,0
-2.7279,-10.415,0
6.3572,-7.8075,0
8.4444,5.2942,0
0.86039,-4.155,0
0.72468,-10.051,0
-6.15,3.1352,0
4.2938,8.1793,0
-3.3687,6.8935,0
7.5012,-7.2158,0
5.1279,-9.0632,0
5.8308,-8.316,0
1.5425,-10.469,0
1.5497,-3.5182,0
9.5023,-2.0698,0
6.6136,6.2508,0
-3.2214,6.5788,0
9.6546,2.1713,0
-2.6028,7.3519,0
-5.0977,-0.26878,0
-6.0259,2.5729,0
0.17747,-3.7649,0
-2.7836,-3.1702,0
-3.4481,6.018,0
9.3322,1.7274,0
-3.1687,-3.5028,0
2.5404,-2.6431,0
2.1499,2.2912,0
7.2658,-7.7527,0
9.8366,-3.4021,0
-1.0541,-3.8903,0
8.7109,-4.6817,0
-4.0129,-3.26,0
-1.2876,-4.0193,0
9.9308,-2.9772,0
-2.8216,-3.7643,0
3.5219,-2.3416,0
-2.039,-4.3074,0
2.7035,1.1112,0
-5.4147,-1.6101,0
2.9369,-3.1024,0
3.8904,-1.0164,0
-3.9096,5.9815,0
7.0884,5.7934,0
0.65057,8.6869,0
-4.9357,-9.7009,0
2.7458,8.0703,0
-3.5116,-3.3031,0
6.3883,-7.9736,0
8.4235,-6.0866,0
1.0196,-4.1999,0
4.5041,7.2554,0
-5.0499,5.152,0
0.82943,8.0168,0
2.4005,8.4018,0
1.6052,-10.128,0
8.8313,-4.8717,0
3.2035,1.1907,0
3.9181,0.043862,0
-5.9868,1.5888,0
9.4551,2.1721,0
-0.76189,-10.664,0
-2.9792,6.9887,0
3.1274,7.8185,0
0.22976,-3.8803,0
8.5156,-4.8718,0
9.2318,-5.5331,0
6.4861,-8.3146,0
-1.9744,-10.822,0
3.6029,-1.4902,0
6.1415,-8.8611,0
4.298,7.7108,0
-5.7489,4.3406,0
3.2214,-1.5383,0
5.8868,-8.332,0
0.58934,-10.185,0
6.8347,-7.9375,0
4.2929,-9.4757,0
-2.7763,7.2645,0
-4.6662,-1.5353,0
-0.5396,7.9033,0
-5.3206,2.2519,0
3.489,0.47266,0
-4.9971,5.1919,0
-5.8485,1.5376,0
-5.3583,-1.1745,0
-2.515,7.5979,0
8.4539,5.4106,0
-0.96152,-4.5808,0
-5.2832,-1.8663,0
6.0199,7.3461,0
1.358,8.5603,0
8.1954,-5.6633,0
-5.0467,4.8972,0
4.9956,-8.4643,0
-0.18659,-10.427,0
7.3301,-6.7713,0
-3.2598,6.9718,0
9.1442,-5.2659,0
3.5053,-0.80154,0
9.672,0.49,0
-0.19691,-4.0959,0
3.4521,-2.113,0
3.2197,-2.566,0
3.4308,-0.083568,0
-2.7503,-9.9837,0
7.8289,6.1142,0
7.1913,-7.085,0
9.1504,2.701,0
8.249,-6.2205,0
-3.5224,6.018,0
3.1025,-10.035,0
5.8404,6.5779,0
-1.0603,-4.7351,0
4.726,-8.9529,0
9.9229,-2.2081,0
-0.21112,8.0628,0
8.7136,-4.8677,0
1.5732,8.5768,0
2.8253,-2.1295,0
9.2972,2.5663,0
-4.3758,5.3975,0
0.68715,8.6053,0
9.0997,2.7512,0
-3.7495,6.3857,0
-3.3649,-3.2427,0
-4.8471,-9.3126,0
0.25264,-4.4773,0
-2.8112,6.9758,0
3.7819,-0.35495,0
-0.60176,-10.346,0
-0.99807,8.4849,0
-4.4137,-9.7249,0
8.04,4.6982,0
8.4757,4.1067,0
-4.7241,-1.2962,0
-5.4198,-0.37178,0
5.5231,7.1976,0
-5.8769,-0.15869,0
-2.2198,-10.717,0
-5.5051,3.8343,0
-2.8328,-10.48,0
4.8168,-8.5999,0
-1.9949,7.3144,0
3.6754,0.85497,0
-2.9412,7.0688,0
-0.26451,8.4978,0
1.0742,-3.7801,0
-3.1236,-10.48,0
-4.7318,-1.5481,0
-3.6552,-2.7355,0
7.0932,6.3104,0
6.2798,6.248,0
3.5327,-1.9598,0
-0.95451,7.7207,0
9.4353,2.7167,0
-5.4216,-9.6619,0
2.8062,8.0734,0
9.1347,-4.113,0
3.1662,1.091,0
-3.5958,-3.6665,0
0.0097621,-10.753,0
3.9246,-1.991,0
3.5005,0.01693,0
9.1656,3.7177,0
-2.8754,7.2025,0
-6.201,-0.19036,0
0.50226,-10.765,0
9.5966,-2.7342,0
-0.67417,8.1817,0
0.70727,8.6934,0
-5.069,-0.32052,0
-6.1186,1.0737,0
0.87392,-10.373,0
-1.2218,-10.754,0
6.1611,-7.9719,0
-6.1584,1.4016,0
9.7445,2.6626,0
-5.0925,-1.2876,0
-1.0828,-4.7012,0
9.1421,-3.3796,0
-0.69542,-10.759,0
8.3156,-6.8953,0
4.6495,-9.1726,0
-5.5031,0.77064,0
-0.43689,8.4428,0
1.3471,8.4218,0
-1.7263,-10.648,0
-0.019063,-4.3284,0
8.1838,5.2975,0
9.5703,0.80629,0
-5.6081,4.5281,0
-5.5974,-1.4127,0
1.5465,8.3824,0
-1.4324,7.6315,0
-4.0224,-3.312,0
0.89536,-10.572,0
2.7859,8.6376,0
9.7566,-1.8344,0
-5.1261,-0.90529,0
4.9391,7.7823,0
3.1634,-1.5156,0
6.3023,7.0712,0
-5.8699,3.0735,0
9.2022,-2.877,0
7.6584,-6.8381,0
0.07942,8.3686,0
8.9021,4.4967,0
8.4314,-5.9437,0
9.5411,0.88481,0
9.0451,2.4754,0
2.9037,-2.8745,0
-1.1986,7.5367,0
3.5365,-0.48066,0
1.3461,8.0729,0
9.5369,-1.5584,0
9.3505,3.2654,0
-4.1458,-9.6196,0
2.9628,8.3168,0
7.0926,-8.0593,0
9.0882,3.993,0
3.6368,1.0418,0
7.3007,6.3219,0
1.132,8.7257,0
-5.8971,-0.010951,0
-6.1225,1.2835,0
3.0753,8.314,0
-1.0321,-10.944,0
-3.4553,6.1459,0
-5.5427,4.1607,0
-1.3189,7.8132,0
6.7653,7.2697,0
5.0694,-9.1184,0
-5.7405,0.71795,0
3.4543,1.0031,0
-4.1901,5.0999,0
-4.6159,5.2768,0
4.7434,-9.3427,0
-2.2477,-3.661,0
4.6994,-8.7692,0
2.5683,-10.203,0
8.8993,4.4664,0
3.5345,1.2123,0
6.6956,6.5033,0
9.0001,-4.4813,0
9.0272,-3.6228,0
0.93155,-10.778,0
9.0031,-4.0863,0
-1.6208,-10.445,0
2.3723,1.4737,0
4.8852,-8.8872,0
4.061,-0.74739,0
7.2101,6.1558,0
10.128,-1.5295,0
7.648,-6.5967,0
-5.5438,4.04,0
10.198,1.4461,0
1.4676,-10.404,0
10.203,-1.0971,0
6.6308,-7.9879,0
6.0747,7.4474,0
0.36886,8.6123,0
1.6796,-10.29,0
9.4902,-4.2509,0
4.1527,-8.9949,0
3.0512,1.8949,0
0.51431,-3.7252,0
8.1966,4.9904,0
2.6447,-9.6597,0
-5.8062,3.0725,0
7.2929,-7.9778,0
9.5066,-0.635,0
8.9098,-5.1993,0
0.54119,-10.546,0
7.2677,-7.2189,0
-5.6582,-0.90149,0
4.0612,-0.81024,0
-2.9006,-3.2726,0
8.9278,-4.7858,0
-2.0829,-4.2848,0
-5.7073,0.41131,0
4.173,8.0121,0
4.5917,8.3131,0
0.94723,-4.3996,0
6.5216,6.5056,0
1.7078,-3.3045,0
-4.0993,-2.4778,0
7.7132,-6.291,0
-3.4353,6.9415,0
-4.5392,5.6239,0
4.4284,-9.4929,0
-4.742,-10.126,0
-3.2719,-10.053,0
8.7871,2.9346,0
-6.0517,1.107,0
-4.6824,5.0846,0
9.7232,-2.3249,0
9.5584,2.8886,0
-5.2532,-1.3773,0
-3.0578,-10.355,0
-3.217,7.3043,0
-3.4573,-3.5122,0
-3.2828,6.2916,0
-0.27624,-4.4655,0
7.259,-7.7221,0
6.3,-8.4039,0
9.2085,2.9875,0
1.4756,-3.5622,0
-5.2441,-1.6729,0
7.2672,-7.4842,0
-1.9578,7.5908,0
3.5799,-10.076,0
-2.3074,-4.2098,0
9.0258,-3.4336,0
-5.4309,-1.2261,0
0.30811,8.0973,0
-3.202,6.7563,0
-1.2199,-10.251,0
3.4616,-9.7505,0
9.9276,0.51448,0
2.5562,-10.218,0
-5.7833,-0.033504,0
2.4984,-2.9984,0
9.3529,-2.8517,0
8.3224,5.2816,0
7.0356,6.3289,0
-6.1103,2.7964,0
3.4038,-10.12,0
4.9164,-9.3021,0
3.4665,1.1934,0
5.0469,7.1518,0
-2.2872,-9.928,0
4.5062,8.0627,0
2.8696,-9.9505,0
8.3601,5.7753,0
3.0006,8.5166,0
3.812,0.53717,0
6.5548,6.4847,0
2.094,-10.386,0
0.36121,-10.828,0
-5.6471,4.4344,0
-1.5854,-3.6444,0
0.85192,1.8613,0
-4.0303,6.3828,0
7.7945,5.8918,0
4.6009,-9.0178,0
9.9018,-2.3473,0
-0.10734,-10.447,0
7.2046,-6.5369,0
-4.1845,-3.0517,0
-3.3927,-10.67,0
-2.3176,7.0867,0
9.7865,1.9894,0
8.8843,-5.9066,0
2.139,-9.8339,0
-3.1388,6.391,0
4.7759,7.6394,0
-3.7248,-2.9227,0
4.8397,7.9579,0
3.6282,8.3466,0
-1.8641,-4.0572,0
9.5936,-0.18511,0
0.90026,-10.418,0
2.1505,8.3704,0
-4.4695,-2.1541,0
-5.304,4.8799,0
2.6821,-2.917,0
3.549,-2.0772,0
3.349,0.5782,0
8.9029,4.6562,0
8.5973,3.7615,0
-4.9537,5.5501,0
7.879,-6.3342,0
9.3827,-1.9908,0
-2.3821,-10.077,0
5.8133,6.8902,0
6.7178,6.3675,0
5.9212,-8.2608,0
8.8573,3.2989,0
7.0554,-7.7362,0
-0.5969,-10.326,0
-5.4923,-0.073769,0
9.8009,0.94473,0
4.6292,7.5581,0
9.3801,1.3394,0
-5.5437,-1.2647,0
9.7616,-2.2524,0
2.8739,1.0905,0
-6.0325,1.0278,0
-0.39035,-10.765,0
6.666,-7.1304,0
7.3785,4.9573,0
2.5223,-3.471,0
-5.635,-0.73367,0
2.6666,1.6537,0
-3.6854,-10.078,0
3.9514,-9.2703,0
3.4415,8.657,0
-4.7203,-10.136,0
6.3216,-8.7315,0
5.6719,6.8085,0
-1.5111,-3.841,0
-5.4501,-0.63267,0
4.2535,-9.4501,0
-3.3646,6.5845,0
8.1874,-5.5054,0
-3.5431,-3.1088,0
8.7648,-5.8441,0
3.4163,-2.0467,0
9.4681,-4.7139,0
-1.5256,-3.8702,0
-4.612,-10.26,0
9.4417,2.7496,0
-5.5849,3.8511,0
2.2727,8.7851,0
-1.5876,-10.331,0
6.4795,6.7191,0
2.4075,-3.2281,0
9.4247,-1.9951,0
3.872,8.4481,0
-3.3472,-3.361,0
7.2813,-8.0226,0
7.4635,5.7578,0
1.4725,-4.1158,0
0.35225,-10.772,0
2.3847,-9.8699,0
3.121,-2.3704,0
10.236,-0.3395,0
0.98049,-10.906,0
-2.2452,7.5412,0
9.7074,-1.5802,0
4.3258,7.9307,0
3.8526,8.2024,0
3.3149,1.5564,0
2.5767,-10.445,0
-2.1496,-10.059,0
5.3858,7.2859,0
9.2758,3.7438,0
-4.505,-9.6853,0
0.79816,8.5526,0
-5.476,0.38453,0
1.9521,-10.443,0
9.0591,-3.3191,0
-4.5899,-3.0152,0
2.8992,2.3802,0
-3.8054,-2.7247,0
-5.7898,-0.32197,0
-0.066546,-10.039,0
9.2911,-4.1777,0
-1.9566,-4.0636,0
2.5674,8.764,0
9.868,-2.0006,0
-3.8779,6.7548,0
9.3253,2.5065,0
-5.734,0.021849,0
-5.04,-2.1542,0
-5.8835,-0.45874,0
9.4911,-4.7782,0
-5.8604,1.9156,0
-5.2445,3.8999,0
5.7552,7.6405,0
-6.0079,-0.18336,0
-1.9891,7.7409,0
9.7342,-0.57475,0
7.5054,-6.0533,0
5.9023,6.7019,0
9.4489,0.94573,0
-4.3027,6.1466,0
-4.5789,5.259,0
-2.8102,-3.4943,0
3.0214,-10.06,0
-4.5988,4.6029,0
0.089715,-10.088,0
-0.022272,-4.1611,0
10.3,0.59103,0
-5.2445,4.2026,0
7.2517,6.8569,0
8.413,5.0345,0
3.2455,-1.7317,0
3.3121,8.5396,0
-6.0988,-0.14141,0
-1.088,-10.115,0
8.9946,-3.8278,0
-0.90237,-3.979,0
-1.9822,7.5713,0
-4.8525,5.8021,0
-4.4058,5.1745,0
9.2712,4.4033,0
5.7686,-8.0598,0
5.0792,7.3428,0
6.3461,-8.0565,0
1.3432,8.0626,0
8.4608,-6.1224,0
-1.5876,7.6519,0
-3.0132,-10.304,0
7.4691,-6.2629,0
3.2859,1.2677,0
8.0965,-6.3578,0
0.17219,-10.576,0
-2.8388,7.2022,0
2.1449,-2.7947,0
2.5103,-10.402,0
1.0024,-4.0509,0
8.351,4.4402,0
-0.78661,-10.096,0
7.0872,6.032,0
3.131,-1.9998,0
3.4763,8.6338,0
9.6302,-3.2523,0
-5.575,3.0196,0
0.75057,-10.886,0
3.884,7.466,0
-5.7168,0.59011,0
-4.8156,-1.36,0
2.8822,-10.207,0
8.3125,-6.558,0
10.27,-1.9844,0
-0.29826,-4.5678,0
4.0202,-9.7629,0
3.9143,8.0906,0
10.295,-0.66017,0
-0.34804,-10.797,0
-0.078954,-4.4116,0
9.7851,2.1361,0
3.1487,1.2956,0
1.4049,-3.5479,0
-0.075322,-10.53,0
8.2302,5.2082,0
10.133,-0.7085,0
-5.9628,0.89461,0
9.5849,0.49912,0
1.5341,-3.3793,0
9.7182,-0.92289,0
-4.0422,-2.0071,0
10.376,0.32791,0
-3.6792,-10.201,0
9.4642,-2.1573,0
-3.3209,6.9712,0
4.5945,8.2147,0
3.9047,0.3794,0
7.898,6.2704,0
-4.2594,-10.031,0
8.4753,-4.8335,0
-0.022834,8.0959,0
9.4286,2.3149,0
8.7653,2.8857,0
6.9973,6.5466,0
-2.9155,-3.9146,0
-5.0569,4.8643,0
6.1297,7.1789,0
-2.2904,-3.7847,0
0.66779,8.1597,0
9.8301,2.6655,0
5.0498,-9.3405,0
4.9404,7.4226,0
9.6081,-2.2923,0
7.8283,-7.2564,0
-5.0758,-1.902,0
9.5802,0.45488,0
6.794,-7.4947,0
1.7377,8.1968,0
2.8806,7.9292,0
5.5337,6.982,0
-5.5144,0.13836,0
4.5639,-9.9982,0
6.3815,6.8562,0
0.58002,-4.554,0
-1.2818,7.6818,0
5.2309,-9.2335,0
-1.4997,-3.9609,0
9.7899,-1.332,0
8.5949,-6.0087,0
9.335,-4.1493,0
0.54334,-4.6575,0
-2.94,-10.708,0
2.1469,8.5875,0
8.6393,3.88,0
0.41328,-3.7005,0
5.6102,7.0325,0
-3.2336,-3.4185,0
-4.3926,5.7453,0
-1.6303,-4.1385,0
-3.1971,7.1196,0
9.5684,-2.2103,0
7.5612,5.9173,0
6.0027,-8.2127,0
8.7334,3.6912,0
2.5259,-2.9354,0
-6.2869,2.2382,0
0.14866,-10.354,0
1.1723,-9.991,0
-4.6857,-9.844,0
-3.6348,6.3393,0
-4.8836,-10.133,0
9.7627,0.63649,0
9.9658,-1.1706,0
10.034,1.9622,0
6.0267,-8.1308,0
9.794,1.3563,0
-0.46881,7.6289,0
-4.3873,-2.2803,0
2.8728,-2.8935,0
-2.9523,-3.9369,0
0.020422,7.7214,0
2.8345,1.2166,0
-3.65,-10.445,0
-4.226,6.0116,0
-3.322,-10.502,0
4.2221,-0.24805,0
0.69672,8.4736,0
-5.312,3.5655,0
-1.8353,7.9548,0
6.8064,-7.4436,0
3.8725,8.1339,0
3.4365,-2.4569,0
3.1791,-1.7304,0
7.6964,5.901,0
7.4219,-7.2472,0
9.6891,0.63933,0
-1.0972,-10.782,0
6.7372,-8.2093,0
8.1239,-6.8988,0
-3.6761,6.346,0
7.1847,5.9661,0
10.36,-1.197,0
6.4255,6.571,0
9.5345,-1.9517,0
-5.3797,1.1059,0
-4.1188,-9.9348,0
1.3098,-3.6159,0
1.6836,8.1585,0
-4.1719,-10.117,0
6.0329,6.936,0
9.9711,1.6653,0
2.9103,2.272,0
6.7751,-6.9277,0
8.5875,-6.1795,0
-5.5676,-0.25977,0
0.1605,8.2166,0
-5.2284,3.2492,0
1.5489,-3.1924,0
-6.211,0.58034,0
5.1973,7.765,0
7.1099,5.8477,0
4.1613,-10.043,0
1.2871,8.1098,0
0.76466,8.1348,0
-2.5779,-10.096,0
-3.5943,6.5685,0
-2.0909,-3.9826,0
9.2727,-4.0488,0
-1.2169,-10.456,0
5.3506,7.1713,0
6.2615,6.9598,0
1.6744,1.7588,0
-5.1732,-1.8908,0
7.1253,-8.1389,0
9.5032,0.81192,0
6.1229,-7.8844,0
3.4895,-9.7129,0
9.9874,-3.2221,0
2.2438,-4.1223,0
5.1038,-8.6654,0
-1.6812,-4.1488,0
8.5624,3.6725,0
9.3938,2.8399,0
3.5781,0.90789,0
-1.7693,-10.522,0
9.604,1.3222,0
9.4378,-1.9874,0
2.2664,8.4552,0
9.4234,-4.4271,0
5.1117,7.8302,0
0.97885,7.9533,0
-4.9755,-9.5148,0
5.1334,7.2079,0
-1.2182,-4.2878,0
2.5706,-9.6396,0
-3.0157,7.3519,0
-4.0411,6.5008,0
-0.91769,8.3293,0
2.5176,-10.296,0
7.4332,5.4495,0
3.9283,0.48934,0
-6.1555,1.8198,0
9.035,-5.3005,0
2.6357,7.9872,0
-5.7263,2.9584,0
-5.1139,-1.7998,0
-5.7722,-0.59328,0
6.0035,6.8329,0
3.5404,-0.6927,0
-0.62435,8.085,0
-1.8572,7.3011,0
-5.4432,3.8443,0
-5.9525,2.953,0
7.6714,-6.0255,0
-1.451,-3.841,0
5.4778,-9.0348,0
-4.5829,5.3778,0
-3.206,6.7786,0
10.258,-2.0446,0
3.5446,-0.83978,0
7.4202,-7.8144,0
9.0786,-3.1975,0
-1.104,-10.978,0
3.0591,-3.0127,0
9.7331,-2.9261,0
8.5066,-5.0136,0
2.9145,-10.127,0
-4.8065,-6.2045,1
-7.4285,-4.4145,1
5.8978,2.2246,1
1.353,11.924,1
6.4716,-3.017,1
3.8504,11.609,1
-8.8945,4.0191,1
-9.3501,0.090108,1
-6.9586,-3.2905,1
-5.7316,8.4826,1
6.5085,-0.56672,1
1.6163,4.9042,1
2.9766,-6.1731,1
0.57306,5.6923,1
1.7461,-7.1351,1
4.7035,10.877,1
-9.3199,0.15395,1
-8.221,-2.5134,1
-2.9662,-7.5525,1
-1.9588,-7.2287,1
-0.11795,-7.519,1
0.46617,11.242,1
-0.92978,-7.1558,1
-8.3056,4.3225,1
-2.4091,1.1681,1
5.1154,3.6178,1
-0.096202,4.7881,1
2.5745,4.7401,1
5.6126,2.6648,1
-3.6898,-7.1777,1
5.0989,3.697,1
-6.5028,-4.8965,1
-8.3321,3.7704,1
-1.4651,11.596,1
-6.9215,7.3648,1
5.8893,11.014,1
6.6892,1.2849,1
5.5269,4.0882,1
1.5459,11.487,1
0.29794,11.351,1
1.8946,-6.5828,1
3.0407,4.9847,1
4.0092,4.6763,1
-1.1545,-1.2511,1
-4.7595,9.3298,1
-3.7533,10.314,1
1.1551,11.168,1
3.6641,-6.5352,1
-2.773,-7.2494,1
-8.6234,1.3327,1
-9.1091,3.7461,1
4.8975,11.147,1
-8.542,-0.18856,1
1.9555,11.516,1
2.4304,11.626,1
5.9305,10.164,1
6.7675,-2.5841,1
3.1133,11.73,1
1.8669,5.6801,1
-1.3368,10.79,1
1.4282,5.3011,1
0.18562,11.83,1
-9.0278,1.6282,1
-8.5442,-0.50908,1
-4.1193,-6.2697,1
-6.0175,-5.1817,1
-7.5248,-4.2971,1
-8.6407,4.0184,1
-7.7702,-2.4516,1
6.9111,1.7746,1
1.4831,-6.6328,1
-9.196,1.3625,1
-6.2838,-4.7403,1
2.3436,5.4538,1
-3.1361,10.891,1
-2.5439,10.855,1
4.7654,-5.148,1
4.1092,3.9197,1
-2.1382,10.618,1
5.1848,-5.4765,1
6.3896,-2.5819,1
-1.2589,11.559,1
-4.2562,9.4539,1
6.9328,-1.5696,1
0.10493,11.098,1
2.6747,4.843,1
-1.9907,11.012,1
-3.233,10.731,1
-3.1993,-7.4224,1
2.7242,4.8319,1
-1.1188,4.5725,1
5.6668,3.4976,1
-7.9405,5.9416,1
-5.0343,-6.3215,1
-6.0558,-5.8488,1
1.7327,11.91,1
7.0411,1.1329,1
3.1255,5.393,1
-2.0841,-7.6892,1
6.3448,0.66213,1
6.8014,-0.62869,1
6.6373,-2.867,1
3.7607,4.9308,1
5.3057,3.2457,1
1.7297,-6.5431,1
5.3176,10.997,1
-1.2034,11.201,1
-7.0798,7.207,1
-8.2508,-1.2253,1
7.1255,-0.43591,1
7.3333,-0.5485,1
-1.9958,0.14556,1
-3.825,10.439,1
-7.6169,6.0439,1
-5.5836,8.3393,1
5.9552,-4.1846,1
-4.4845,9.4025,1
-6.1298,-5.7718,1
1.6746,4.9948,1
-0.71748,10.963,1
6.3481,2.0824,1
5.7555,-3.3443,1
6.3985,-3.4332,1
-0.95928,10.963,1
5.006,4.4002,1
-8.0715,5.8888,1
-4.1439,9.6938,1
-7.3632,7.4993,1
-5.6014,8.9039,1
-8.4986,4.9693,1
-5.8577,8.8911,1
2.8887,-6.5532,1
1.6261,11.294,1
-7.8008,-3.3926,1
-1.7546,11.46,1
3.7756,11.717,1
-4.5431,9.8258,1
-0.44037,-7.1039,1
-8.5473,-0.88255,1
-6.8662,-5.0955,1
-8.3861,-0.45535,1
5.6336,3.7154,1
-6.2709,-5.1166,1
-5.5451,-5.4177,1
-2.4779,11.173,1
-8.624,-2.5809,1
5.4791,3.1237,1
2.7648,5.5154,1
-9.3567,2.8811,1
6.506,0.8413,1
-2.3591,-6.934,1
-6.675,6.943,1
-8.608,3.114,1
5.9675,-3.8905,1
-5.6432,8.2283,1
2.8267,-7.0083,1
-0.36644,5.306,1
-7.1631,5.9585,1
-8.2844,6.1082,1
-1.2358,4.534,1
-6.9277,6.8015,1
-1.0401,4.4909,1
0.40902,11.907,1
0.18219,11.068,1
-8.4126,-2.6217,1
-1.8638,11.193,1
2.1912,4.9573,1
6.1867,1.7045,1
-2.5442,3.2594,1
-8.6839,4.9796,1
6.1479,-4.3066,1
-6.8755,7.4768,1
-6.6921,-4.8398,1
4.1218,-5.3292,1
1.6743,11.653,1
-2.9118,10.28,1
-6.0342,-5.0766,1
2.2983,4.8161,1
-0.046585,5.2623,1
-8.4509,3.8348,1
-7.7682,5.7695,1
4.8823,10.979,1
4.3245,11.654,1
0.59392,-7.5157,1
6.1306,2.439,1
0.5971,-7.2693,1
-0.51949,11.073,1
-8.7139,-1.3867,1
-9.0125,0.29466,1
4.5176,11.489,1
7.2912,-0.25544,1
5.0781,-5.6,1
6.3796,-3.8239,1
2.0807,11.12,1
-4.4876,9.4095,1
4.7594,11.048,1
5.327,3.5934,1
-4.0861,9.7162,1
2.2876,-6.6375,1
-7.3444,-2.6486,1
6.0015,-4.0574,1
-8.1011,6.3247,1
4.7232,-5.3071,1
-8.691,3.4642,1
-3.1982,10.737,1
-2.8298,2.5859,1
4.0386,11.621,1
3.2202,4.8803,1
2.7662,4.6616,1
-9.0859,2.1059,1
4.0248,-5.9227,1
5.4786,10.48,1
-9.3356,2.5607,1
1.2768,11.284,1
3.5272,5.3002,1
1.2126,5.4238,1
2.9191,11.065,1
-7.6909,7.1125,1
-2.7655,0.56612,1
1.5215,5.5155,1
0.57493,5.354,1
5.9469,-3.3099,1
-1.2118,10.976,1
0.92322,4.8942,1
-8.1496,-2.6204,1
1.7081,11.121,1
5.4785,11.2,1
1.222,11.094,1
-1.991,2.9478,1
-0.46713,-7.6325,1
5.2564,-4.7899,1
-0.76115,-6.9256,1
1.4003,11.725,1
6.6266,-3.4563,1
-8.2505,-2.6806,1
-4.9051,9.6822,1
-8.2136,6.0257,1
0.57149,11.244,1
-2.7481,2.7311,1
-1.2859,11.126,1
-0.98985,-0.68648,1
-8.3323,5.8177,1
-8.3699,5.8952,1
4.9969,3.1245,1
-1.02,11.331,1
4.3675,4.6958,1
0.92502,11.362,1
7.1263,-0.21854,1
-8.3546,4.1094,1
-9.3321,1.5681,1
4.6053,3.9438,1
6.3443,-4.0431,1
6.5901,1.8016,1
2.3519,11.436,1
-6.8189,-4.0853,1
3.2298,11.513,1
6.2842,0.81328,1
-8.6669,1.6053,1
-5.3518,8.5967,1
0.81058,-6.9168,1
-3.214,10.189,1
5.1232,4.5294,1
5.9643,1.5934,1
3.8111,-6.5877,1
6.3881,-0.90847,1
3.353,-5.9785,1
5.2584,11.178,1
-9.1697,0.64344,1
-8.5169,-1.1022,1
-8.0396,-2.3356,1
0.66556,-7.4191,1
-7.1421,-3.8702,1
-5.6511,8.8035,1
-3.9139,-6.465,1
-0.47042,5.4514,1
2.5576,11.813,1
-2.3512,2.0491,1
-9.0731,2.3454,1
-7.0583,6.7413,1
0.3326,4.5908,1
-5.1068,9.2869,1
2.4451,11.876,1
-8.0561,-3.1386,1
-3.3249,-7.1006,1
-5.2988,9.7118,1
5.8121,-3.7139,1
6.0155,10.656,1
5.9621,10.52,1
-6.8022,-4.6631,1
0.23702,11.428,1
6.5978,-0.70825,1
-4.4113,-6.7495,1
1.2814,11.524,1
-8.8838,2.7475,1
-1.4591,-7.2214,1
-2.138,10.71,1
0.27057,-6.9394,1
-3.383,-6.6765,1
-2.7106,-6.7937,1
4.4634,-5.7167,1
-0.92146,11.06,1
-0.24025,11.467,1
4.2236,-6.5174,1
3.3093,11.479,1
5.5464,-5.0363,1
2.8681,11.176,1
4.4238,4.4412,1
4.088,10.879,1
-0.26861,11.424,1
-5.5531,-5.316,1
-2.1831,0.24802,1
-5.7179,8.5324,1
2.5088,-6.2961,1
-2.1512,10.782,1
-1.7411,-6.8392,1
-8.8178,-0.41499,1
1.9003,-6.6127,1
-7.4163,5.6617,1
4.6726,-5.3487,1
3.9727,10.972,1
-1.8439,10.582,1
-5.9212,9.018,1
6.0491,-4.0745,1
-1.1283,11.529,1
1.9613,-6.9802,1
-4.586,9.1926,1
-4.0591,10.344,1
5.9744,10.172,1
-2.8934,2.7605,1
6.9415,0.0084115,1
-1.5397,-7.1058,1
-2.3915,11.067,1
1.7443,-7.1942,1
2.5002,5.6718,1
1.2386,11.322,1
6.1509,2.7171,1
-8.9611,-1.5441,1
-4.6376,9.5679,1
6.409,-1.8106,1
5.3023,10.655,1
-2.2475,-7.1753,1
7.1423,0.56101,1
6.2396,3.1936,1
-8.7971,4.9359,1
-0.86976,11.252,1
-5.6923,8.2127,1
6.4194,-2.3738,1
5.0501,10.741,1
-3.17,2.0415,1
3.4222,-5.9542,1
-8.6004,3.6977,1
-2.6168,3.0843,1
-2.137,2.6678,1
-8.0274,-2.5453,1
-9.0927,2.6343,1
7.3218,-0.22954,1
-9.3577,0.57622,1
-6.9624,-4.0933,1
-6.134,-4.8645,1
-8.0849,5.0006,1
2.2811,-7.3438,1
-9.313,0.10461,1
5.706,-4.9339,1
-0.18571,4.895,1
-8.9652,2.5038,1
-3.1446,0.52113,1
1.2301,-7.4376,1
-1.7959,4.2615,1
5.7801,-3.8451,1
7.0663,1.6286,1
-7.5076,5.9409,1
-7.8914,5.0514,1
-8.35,5.8582,1
2.4635,-6.4362,1
-7.2408,-3.3707,1
2.4634,-6.7446,1
2.7801,11.243,1
-2.1655,-7.0997,1
1.0276,5.3013,1
-1.1626,10.909,1
-3.1802,1.9077,1
6.718,0.60472,1
2.8955,5.2112,1
5.6254,-4.4468,1
6.5426,-1.2454,1
-7.8455,6.8251,1
-9.0546,1.1556,1
4.993,10.578,1
4.169,-5.5658,1
-0.6171,-7.4402,1
-4.5259,-5.9753,1
0.75762,11.372,1
-8.1992,-2.2464,1
-1.2869,-7.4279,1
-3.0399,-7.2939,1
3.1465,11.318,1
-8.1139,-1.7297,1
0.53941,-7.3326,1
-7.92,-3.602,1
5.4646,11.252,1
-5.3148,8.6552,1
-0.61095,4.5367,1
2.0451,-7.0466,1
-5.8568,8.0522,1
6.1363,1.6083,1
2.9495,-6.4249,1
6.9055,1.0706,1
-0.75333,-1.4086,1
6.4961,2.641,1
-2.4978,-7.5369,1
-9.0524,3.9544,1
-3.4036,-7.171,1
2.8049,4.9349,1
-4.9782,9.3469,1
-1.4712,4.006,1
2.6619,5.6331,1
-1.3092,10.807,1
-9.0583,4.1272,1
-5.8964,-5.2265,1
-9.369,-0.043416,1
-3.0501,10.458,1
-1.7675,-0.55514,1
-6.0388,-4.5995,1
1.5158,-7.3763,1
-2.6028,3.2139,1
-7.7984,5.6395,1
-6.1265,8.4057,1
-7.4829,6.1253,1
1.5328,4.8478,1
4.9283,-5.7776,1
-1.0228,11.621,1
-8.548,3.6535,1
6.7558,-0.13171,1
-2.3371,0.73036,1
6.6291,-2.2277,1
-6.8088,7.2542,1
-1.8467,-7.7699,1
3.8694,11.498,1
-0.65718,5.2569,1
-1.8008,-0.28487,1
-8.5856,0.15725,1
6.3418,1.6357,1
-7.0968,7.7719,1
-8.4306,6.0431,1
-0.24878,-6.9721,1
6.5784,-0.94116,1
-6.9668,-4.1498,1
-5.1723,9.5971,1
-6.2236,8.4999,1
2.3952,-6.6623,1
-1.7073,-7.113,1
5.9263,11.151,1
0.6596,11.556,1
-7.168,7.0125,1
7.0942,0.27011,1
-1.9673,4.3805,1
-0.68532,4.6336,1
6.6391,-1.9376,1
3.9192,4.5875,1
2.7636,-6.9752,1
-8.936,4.1085,1
0.38789,5.6988,1
0.0093486,11.469,1
-3.5255,-7.0177,1
-6.4135,-4.8137,1
-0.34609,4.9542,1
3.5308,4.472,1
-2.4499,0.96813,1
6.3427,-2.6348,1
-6.8273,7.6469,1
3.1632,11.4,1
-1.9955,-0.79152,1
-1.3837,4.2094,1
-8.5642,3.1614,1
-7.3826,-2.8564,1
6.5042,-0.27323,1
0.43946,11.826,1
-3.5289,-6.897,1
-8.6457,-0.33004,1
5.0966,-4.5921,1
3.1278,4.6688,1
2.6859,11.447,1
3.8875,11.046,1
5.2823,11.091,1
7.0317,0.1792,1
2.2429,-6.7604,1
-8.0268,5.5341,1
-2.9517,0.69751,1
-8.5063,-1.0057,1
3.8638,-6.6659,1
-2.2001,-7.5656,1
3.7967,5.1766,1
5.8837,3.2462,1
-8.514,-2.147,1
-1.2328,-7.8408,1
5.1524,-3.9419,1
-2.6345,-6.5801,1
0.66126,-7.5278,1
0.44046,11.06,1
-1.0677,-7.0153,1
-6.9756,6.9844,1
6.1951,-2.6577,1
7.2666,-0.6739,1
5.1975,3.5125,1
-9.1223,-0.88353,1
-8.9393,0.053534,1
2.6901,11.934,1
3.6779,10.924,1
-4.9027,9.2359,1
-9.2827,-0.61429,1
-0.37592,11.698,1
-6.6698,-4.824,1
-3.2038,-6.5122,1
6.4147,-1.1947,1
-6.5509,8.0068,1
-8.3144,-1.616,1
-1.3782,-1.6278,1
-8.7834,2.129,1
3.7604,11.266,1
-5.4181,-6.2542,1
-8.6366,-0.4183,1
-7.5104,5.7329,1
-2.3176,3.766,1
5.4049,3.5406,1
-0.231,10.967,1
-5.8648,9.1842,1
2.4626,11.801,1
5.7783,-4.3808,1
-2.2521,10.604,1
-4.2884,9.6225,1
-3.3391,9.9647,1
-1.7232,-7.5226,1
-7.4074,-4.3467,1
1.3164,11.342,1
-8.2261,-0.90436,1
-1.3968,-1.0624,1
6.5422,-2.9004,1
2.918,4.8827,1
-8.2847,5.2885,1
-2.3787,2.3302,1
-1.3755,-7.4331,1
-8.6411,3.7922,1
-7.1238,-3.4418,1
5.7665,3.4331,1
-0.88991,4.3893,1
5.3813,2.4471,1
2.615,-6.8893,1
2.4556,11.918,1
-8.6627,4.5374,1
5.1673,4.0811,1
-5.8007,8.1204,1
-0.019858,-7.8997,1
-8.2805,5.4658,1
4.1472,-5.5754,1
-7.6951,-3.6536,1
5.5881,10.441,1
-9.0606,2.9745,1
0.36484,11.693,1
2.5798,-6.5108,1
-1.6208,-7.5896,1
-7.8862,7.1397,1
6.3189,10.487,1
-3.6981,-6.6618,1
4.1461,-5.8746,1
-9.0176,-0.15313,1
-5.5308,8.5073,1
1.6558,-7.1978,1
6.6955,2.1212,1
1.2587,-7.5855,1
-1.7526,3.5845,1
-1.483,-7.6533,1
-8.6046,3.9049,1
-5.3573,-5.1859,1
-8.2621,5.3982,1
5.2652,-4.7714,1
-8.1668,5.6453,1
1.5768,11.811,1
-8.5312,5.6505,1
2.5885,5.5265,1
-9.2967,2.5194,1
1.8541,-7.3447,1
-5.5035,-5.5049,1
-0.0019635,-6.8776,1
3.8741,11.304,1
1.5295,5.3724,1
-8.2936,-2.5821,1
-3.4361,-6.5909,1
4.9145,4.0902,1
-6.5994,-4.9341,1
5.2107,-4.7601,1
-5.1251,8.6759,1
-2.0144,3.2862,1
-8.4566,0.51285,1
-9.0405,1.4714,1
-1.1293,4.9349,1
-2.6859,11.283,1
-1.2707,10.921,1
-6.1023,8.1839,1
3.1841,11.242,1
-9.0597,2.3515,1
6.503,10.741,1
-7.3766,6.6625,1
-2.0079,3.2004,1
-1.5864,-0.73211,1
-3.3463,10.155,1
4.2876,-5.9013,1
6.7222,-2.5452,1
0.85319,5.0159,1
5.7338,3.1766,1
1.8819,-6.8461,1
-2.5007,10.595,1
-5.9596,8.1883,1
5.7169,10.462,1
-8.164,6.0716,1
3.6091,-6.7007,1
-7.5052,-4.0919,1
-7.2438,7.5806,1
2.6134,11.422,1
2.7552,5.5788,1
6.6915,0.73519,1
4.9571,-5.096,1
4.4939,-5.8535,1
-1.2334,11.363,1
-8.8003,4.023,1
-1.9624,-0.32803,1
-6.5667,-4.974,1
-5.6292,-5.6068,1
0.92255,-7.2691,1
1.9292,11.139,1
5.6289,10.46,1
-7.5219,-3.3186,1
-7.9984,-2.831,1
6.5497,-0.2371,1
-5.2902,9.2212,1
6.5898,-0.34316,1
-7.6484,-2.3182,1
-8.5914,0.39292,1
-3.3147,-7.5592,1
-6.6677,7.4192,1
-8.1757,-2.8012,1
-5.7568,8.2496,1
-7.3288,6.7461,1
3.9361,10.734,1
-6.004,7.8632,1
-7.9838,-2.6433,1
-8.9765,-1.2346,1
-8.0476,-1.4597,1
4.5833,11.605,1
-2.0075,-6.8915,1
-8.6058,4.6003,1
7.2853,-0.29996,1
-5.6733,8.0855,1
4.1767,4.2026,1
-1.4135,4.6633,1
5.0277,-4.9213,1
4.5287,-5.478,1
5.8251,3.077,1
6.3606,-0.59734,1
5.5887,10.842,1
-8.601,-0.52205,1
-4.9156,-6.2409,1
7.2145,-0.61183,1
4.5277,10.549,1
-8.0055,5.8299,1
-8.574,4.6461,1
5.4254,3.5162,1
-3.3434,-6.2267,1
-4.8692,10.038,1
1.6125,5.6674,1
-5.0087,9.7735,1
-1.094,11.007,1
-0.17243,5.5515,1
-1.8046,3.6844,1
-1.851,3.2643,1
-2.8972,-7.3494,1
-0.052224,11.712,1
3.5055,-6.3601,1
-2.2866,-7.416,1
2.4162,5.4641,1
-8.9723,1.9992,1
-7.3431,-3.8142,1
-7.6135,6.4766,1
2.9871,4.7772,1
-0.075799,11.245,1
-3.5219,-6.9591,1
0.086174,5.4985,1
-0.045591,-7.4823,1
-1.2567,10.756,1
3.8868,11.754,1
-2.1495,0.17388,1
2.9775,11.747,1
2.2551,11.925,1
-8.9436,-0.042067,1
-5.3607,-6.1093,1
-2.0779,-7.2621,1
0.29258,-7.4564,1
3.677,4.0703,1
-0.97875,10.953,1
-4.3464,-6.6851,1
-1.4588,11.379,1
-7.7981,6.3735,1
-7.1603,-4.4187,1
-9.2866,0.76192,1
6.599,-2.0451,1
-8.8266,-0.90802,1
-1.0975,11.108,1
2.01,11.889,1
3.3169,11.323,1
-1.6667,4.389,1
2.9349,11.143,1
-5.423,-5.8816,1
-2.0897,3.8029,1
4.1496,4.8114,1
6.2086,-3.9776,1
5.1975,3.6632,1
-7.5121,6.5778,1
-0.37787,11.022,1
-1.9921,11.028,1
-8.95,3.6986,1
-5.1681,9.8475,1
1.0012,5.5687,1
-6.4035,-5.1497,1
-1.7055,3.4706,1
-4.1271,10.159,1
4.0533,-6.6412,1
-3.0244,10.463,1
-7.6983,6.1041,1
3.5719,-6.0477,1
6.3277,1.3769,1
3.8655,-6.0982,1
-2.7946,-7.2207,1
-6.2527,-5.0876,1
0.48041,-7.8448,1
-6.8331,7.3921,1
-2.3733,0.8931,1
1.8388,-7.1865,1
6.04,3.1117,1
1.9827,-6.6658,1
4.0036,-6.1217,1
-2.3892,-0.62107,1
-9.0622,4.3758,1
-8.7373,3.57,1
-2.6374,10.609,1
-2.1335,-6.8867,1
-9.4319,0.90968,1
-8.9146,3.4557,1
2.9642,-6.8319,1
5.4235,-5.6009,1
-8.3551,4.1341,1
-2.4515,0.84462,1
2.5586,11.298,1
-8.9484,0.90408,1
3.5003,5.138,1
3.0404,11.064,1
-3.7493,-6.6153,1
2.3822,11.72,1
5.3163,11.395,1
6.4577,-3.8179,1
-7.2321,-4.4982,1
-2.0347,-0.65582,1
4.5327,4.06,1
3.5296,-6.085,1
-6.0572,8.47,1
4.9927,-5.4161,1
-7.0959,-3.3478,1
2.0045,-7.2736,1
-6.9799,7.8959,1
5.2416,10.596,1
-2.1312,-7.2286,1
-1.2717,4.6753,1
0.52385,5.1063,1
3.7577,-6.1499,1
5.5667,-3.8956,1
1.4293,11.236,1
-5.1214,-5.6715,1
-8.7019,-1.9309,1
-2.6911,2.674,1
6.4726,-1.9003,1
-5.4043,9.1593,1
-7.4321,-4.3666,1
2.4646,11.758,1
-7.201,-4.2475,1
0.081919,-7.2398,1
4.7224,10.965,1
-8.4336,-0.68819,1
3.1817,11.669,1
-6.3419,8.2335,1
1.0443,5.0216,1
6.3892,-3.7143,1
6.297,1.3037,1
-0.091365,-7.2079,1
-5.8979,-6.2264,1
-2.8418,10.407,1
-5.3372,9.0364,1
-8.756,-1.3062,1
-6.0048,-5.3453,1
5.7058,-4.4334,1
-8.7151,4.2617,1
-8.8476,0.41489,1
-6.1158,8.5098,1
-0.99102,11.273,1
-2.8891,0.61094,1
-9.1727,0.43234,1
6.0863,1.7895,1
-0.93502,10.766,1
2.4426,11.405,1
-2.0858,11.043,1
-2.294,2.2274,1
-6.6757,-5.1383,1
2.4136,-6.979,1
-1.1876,4.6298,1
6.7306,-0.81877,1
-1.9071,3.0443,1
6.9801,-0.43254,1
3.0571,11.903,1
-4.5483,9.6435,1
-2.2802,1.2866,1
4.3575,11.119,1
1.9219,11.954,1
-2.7891,2.9027,1
4.7744,-6.0671,1
-7.606,6.2819,1
-2.9452,1.1457,1
7.2733,-1.0315,1
5.5834,-4.4374,1
-3.4775,10.923,1
-6.199,-5.0011,1
1.5324,5.741,1
3.0113,4.9747,1
-0.30043,-7.0462,1
4.9004,4.5036,1
3.5955,11.557,1
2.2226,5.5869,1
6.5645,0.47376,1
-3.1393,0.40789,1
-0.035434,11.657,1
-7.9347,5.8345,1
6.6206,1.8552,1
3.8304,-6.1748,1
-8.2375,-0.94955,1
-9.1313,0.34962,1
-2.1895,4.2002,1
5.1915,3.6343,1
5.4237,3.9221,1
-1.7347,10.785,1
-8.2517,-2.0705,1
6.5147,1.8164,1
-8.4871,3.7018,1
0.287,5.0178,1
-1.0212,-1.1417,1
-7.8027,-2.7195,1
3.2496,-6.1837,1
-1.1372,-7.1675,1
6.2866,-3.0105,1
-5.9296,-5.8758,1
6.2897,-2.1206,1
-1.2797,-0.92315,1
1.6315,11.811,1
-5.2706,-5.8828,1
6.3531,0.37828,1
-0.13169,11.094,1
2.4153,5.6425,1
-6.3973,-4.4531,1
5.1991,3.7052,1
4.6558,10.66,1
3.1632,11.659,1
-5.4324,-6.0642,1
4.7108,3.8268,1
-8.3461,6.0425,1
-6.5631,7.688,1
-4.759,-6.7465,1
-2.9963,10.587,1
-2.808,11.01,1
-7.7198,-2.4779,1
-5.3641,8.685,1
-3.8006,-6.7948,1
-6.1987,8.7868,1
0.48381,11.78,1
3.4929,10.802,1
3.0283,5.3671,1
-9.1251,0.58809,1
-6.6988,7.7201,1
6.4019,2.7586,1
-2.7611,-7.07,1
5.9027,-3.319,1
-1.9568,-7.2938,1
-8.398,3.3583,1
7.0684,-1.061,1
-0.79409,11.39,1
-7.0687,-4.1644,1
1.0987,11.746,1
-3.94,-6.773,1
1.7755,-7.4245,1
-8.3334,4.6697,1
-6.5233,7.4111,1
1.5995,11.787,1
-1.9658,3.2418,1
-5.0809,9.4088,1
4.7725,3.7295,1
-3.0509,11.016,1
2.2679,5.4231,1
-4.6517,-6.4817,1
-3.0878,10.687,1
-8.2009,-1.7187,1
6.7408,-2.6605,1
3.1451,-7.1643,1
-6.7382,-3.9347,1
2.5494,10.997,1
5.8149,-2.7883,1
-9.1107,1.6843,1
-2.2922,2.1024,1
-6.8248,7.5252,1
5.6278,3.0103,1
-6.198,-5.0759,1
-8.1411,-1.5971,1
6.7919,-0.84813,1
-4.5919,-6.7149,1
1.3516,11.675,1
2.6626,-7.1599,1
-1.5816,4.0568,1
-9.208,-0.43142,1
5.1641,3.14,1
-9.0772,1.204,1
3.2366,-6.6617,1
-8.0337,4.6492,1
-1.8519,3.505,1
4.6973,-5.1199,1
-8.4866,0.049727,1
5.1358,11.184,1
-3.0351,-6.5748,1
6.5246,-1.1616,1
-2.2964,1.7732,1
-8.4023,-2.3836,1
-2.447,2.1669,1
2.7059,11.167,1
-2.6551,-6.571,1
-1.4652,11.247,1
1.7857,11.256,1
-8.5922,3.8221,1
3.3812,-6.8811,1
-4.573,9.4042,1
-7.9038,-2.0254,1
-9.1451,3.9863,1
-8.2326,-2.267,1
1.0296,11.322,1
0.1901,11.601,1
-3.3821,-6.6428,1
5.2319,3.4309,1
4.4266,-5.6758,1
-2.1299,0.37003,1
-0.91077,-0.82856,1
-4.4933,9.3878,1
6.7546,-1.0484,1
-5.5916,9.0365,1
-4.5376,9.9931,1
6.6395,1.7938,1
-5.4187,-5.9117,1
-1.9505,11.075,1
-8.6275,0.75679,1
6.2141,0.69514,1
4.7851,11.001,1
-6.4918,-4.3896,1
-3.1256,10.668,1
-3.7998,10.159,1
-7.8964,-3.5516,1
-1.3373,-7.0327,1
5.519,-4.1221,1
-5.1001,9.1451,1
5.6558,10.45,1
-5.9812,-5.4382,1
5.5874,2.4647,1
-6.9442,-4.3709,1
6.6465,-0.9966,1
1.2358,-7.4978,1
6.1631,1.4563,1
-5.8946,9.0392,1
-3.6934,-6.5999,1
-4.0466,-7.1193,1
-7.9024,5.5732,1
2.328,4.8282,1
3.4421,11.607,1
-7.0497,6.5102,1
-8.5111,0.22892,1
-8.077,-3.2685,1
7.0115,0.43836,1
-0.44736,11.548,1
-6.0945,-4.8983,1
-1.1294,-7.0394,1
-6.0762,9.0754,1
-7.918,5.1303,1
5.6638,10.277,1
-8.1364,-1.4766,1
4.5439,3.9719,1
2.9795,5.3429,1
5.2197,3.6874,1
-1.8987,3.7893,1
1.8925,-6.7236,1
-7.2443,5.9347,1
1.2816,-7.5648,1
-3.1689,1.3584,1
-1.2074,-0.94669,1
-8.5809,2.3629,1
-7.0004,7.4699,1
-1.7521,3.9727,1
3.775,-6.1534,1
-5.6201,-5.9207,1
5.381,-4.908,1
-8.5922,3.8342,1
-3.927,10.274,1
-8.4467,3.6307,1
2.2406,11.372,1
-8.8703,1.2683,1
-8.4863,-2.4086,1
5.2742,11.043,1
-2.4214,2.7306,1
-0.16932,4.8702,1
3.8143,11.046,1
-0.094772,-7.5528,1
-8.1405,4.3815,1
0.52474,-7.0645,1
6.3519,10.802,1
-2.4506,10.299,1
6.6845,-0.45398,1
-0.21649,-7.3563,1
2.0219,-6.9456,1
-4.8558,9.1571,1
-2.7193,0.78946,1
-5.3665,9.2048,1
-2.6788,1.2596,1
-2.0939,0.16239,1
-2.0284,-7.6526,1
-3.2932,10.361,1
-5.2337,9.5987,1
3.0215,11.003,1
6.5197,2.2721,1
-1.4181,11.288,1
6.417,-1.3169,1
-1.6423,3.5488,1
5.0646,11.598,1
-2.0056,3.5865,1
6.3817,0.095481,1
-2.3231,1.4293,1
2.4967,5.3656,1
-8.9668,4.268,1
-2.9153,1.2401,1
-1.6483,10.502,1
6.735,-3.0776,1
-1.3436,-7.4234,1
-8.4785,2.0751,1
2.0061,11.755,1
6.2631,-3.7925,1
4.9068,11.314,1
-6.1209,9.0952,1
-0.025196,5.0697,1
5.3003,2.9095,1
5.7225,3.1089,1
0.069174,5.0392,1
1.2558,11.355,1
-2.8102,2.8482,1
1.5594,11.184,1
1.752,5.0456,1
3.4792,-6.3293,1
6.9027,0.052829,1
-8.2918,-3.2658,1
-8.1043,-1.8991,1
5.3105,-4.2872,1
-5.8671,8.7803,1
-2.0643,-0.18702,1
6.7912,-2.1345,1
2.2439,11.517,1
-2.3828,10.405,1
-2.3819,0.47117,1
4.8322,11.514,1
0.47849,-7.3735,1
-5.7751,-4.7864,1
-7.5508,6.2074,1
-7.2975,-3.45,1
4.8785,11.262,1
-6.3932,-4.3694,1
-9.4019,1.5585,1
3.7618,-6.13,1
5.3347,10.456,1
0.11847,11.581,1
0.87929,4.9179,1
-9.1112,-0.066216,1
-1.358,11.193,1
-8.0774,-1.4564,1
-6.5038,8.6867,1
-7.11,7.4977,1
2.0063,4.7918,1
-9.2707,1.1643,1
0.87393,11.041,1
3.9737,-5.8285,1
-4.8247,-5.6476,1
7.1064,0.91108,1
-6.4533,7.7992,1
0.41726,-7.619,1
4.3093,11.704,1
-8.3341,0.12859,1
2.7107,-6.3804,1
6.6839,1.8777,1
-1.0964,4.6863,1
-7.9547,-1.2862,1
6.8562,-1.6072,1
-8.4114,-2.2402,1
-2.9856,1.1889,1
0.36346,11.7,1
5.2936,3.6255,1
-8.2039,6.0664,1
1.8805,5.3532,1
-3.8928,-6.9368,1
-7.157,7.5052,1
-7.038,-4.5218,1
-9.0856,1.6166,1
4.1486,11.608,1
7.2536,-0.64288,1
-8.6989,0.42711,1
-7.3743,7.0875,1
-2.431,10.473,1
-9.2058,2.9735,1
4.3502,11.486,1
-1.018,-1.6931,1
-1.2487,5.0097,1
-7.5216,-2.3136,1
3.7302,-5.5383,1
-8.8112,-0.94841,1
2.5496,5.5366,1
-8.3415,-2.2339,1
-1.1247,10.74,1
3.0262,4.8048,1
3.0859,-6.72,1
-0.38922,5.2404,1
5.8708,3.3632,1
-9.2851,-0.27615,1
2.5758,11.728,1
-6.8924,6.7991,1
-0.51983,-1.1057,1
-2.9585,-7.1057,1
-7.7068,-3.734,1
3.0012,-6.7563,1
-2.5311,0.6533,1
-8.4366,3.7239,1
-8.277,3.9054,1
2.2316,-7.4095,1
-1.2968,-7.2449,1
-7.3021,-4.1465,1
-2.8578,3.2203,1
6.6998,-0.21504,1
-1.5758,-7.5427,1
3.4857,5.0762,1
5.8701,10.534,1
-1.9184,10.807,1
2.0935,11.854,1
-0.52988,11.752,1
0.91304,-7.2011,1
1.7524,-7.3858,1
-2.3362,0.14412,1
-5.4095,8.7916,1
3.1461,-6.7138,1
6.2418,2.3505,1
-8.4148,4.727,1
6.5068,1.5407,1
1.5013,5.7129,1
3.2017,11.169,1
-1.5978,11.383,1
-1.3887,10.674,1
2.2024,5.2142,1
6.7921,0.24219,1
-2.5603,11.235,1
-4.5744,9.908,1
6.8191,-2.8985,1
5.1122,-5.1699,1
1.6573,-7.3468,1
-1.0096,-7.1444,1
-1.7872,4.1853,1
3.0252,10.901,1
-5.1941,9.554,1
-8.7351,2.6206,1
4.7335,11.173,1
2.8665,4.6814,1
-5.7721,-5.1785,1
-6.3875,-4.2896,1
3.132,4.6558,1
-9.2554,1.4928,1
0.11163,-7.5863,1
-8.2763,4.1817,1
-8.9178,4.6731,1
5.7394,-3.8909,1
-2.7085,10.049,1
-6.4911,8.2116,1
5.2905,11.088,1
-8.4099,0.23685,1
2.2068,-6.5261,1
3.8897,4.1042,1
5.1385,10.568,1
-8.4689,5.7395,1
-6.2787,8.2808,1
5.5084,2.9182,1
6.7868,-0.27868,1
0.89405,11.753,1
-7.7359,6.347,1
-1.2041,11.585,1
7.0329,-2.1253,1
-2.4583,10.827,1
-3.5123,10.81,1
-0.22656,10.979,1
-2.7334,3.0623,1
6.8584,-1.2341,1
-1.611,11.087,1
4.1328,10.874,1
2.791,4.6461,1
5.4313,-4.6507,1
-2.7612,3.0151,1
-7.1346,-3.6735,1
-2.2129,-7.0185,1
5.8689,2.7197,1
6.6371,1.4722,1
-0.30071,4.9701,1
-1.1397,-0.84593,1
5.6843,2.7516,1
-8.9203,1.9692,1
-8.9436,-1.3577,1
2.6036,11.758,1
-9.476,1.7027,1
-2.5878,-7.6313,1
2.264,-6.9216,1
-1.065,-0.67622,1
6.5245,1.166,1
-2.188,-7.3905,1
3.8015,-5.5482,1
3.4165,4.9568,1
-0.73698,5.0194,1
-0.96667,-1.6726,1
-4.9943,9.4788,1
6.2036,-3.5556,1
-8.4152,5.7251,1
-2.3559,-7.5912,1
6.2658,-3.971,1
6.4362,-1.523,1
6.6682,-3.2182,1
-1.5158,4.3,1
-5.1548,9.5576,1
5.8432,-4.5745,1
-2.3177,3.028,1
4.0566,-5.9489,1
-1.9793,11.442,1
4.0648,4.5948,1
5.6747,-4.4197,1
-6.335,-4.7518,1
-6.9968,-4.0956,1
-4.6794,9.5078,1
-2.2018,3.2858,1
-2.2337,10.447,1
2.8298,11.156,1
-6.3978,8.4344,1
1.7836,5.0481,1
2.1869,5.0927,1
6.1963,-4.2362,1
1.9918,-7.2517,1
-8.6738,2.671,1
-1.9885,10.805,1
-5.775,8.8837,1
-8.5741,4.6196,1
-4.3003,-6.5853,1
0.44375,-7.6189,1
-7.6978,-3.5613,1
-8.5551,-1.3783,1
-2.2152,3.119,1
2.0111,11.298,1
-4.1496,-6.0275,1
-1.27,4.6103,1
3.8387,-6.2673,1
-7.0297,-3.9584,1
-8.6815,-0.72916,1
-5.8345,8.6247,1
-9.0506,2.5285,1
-8.6195,2.3618,1
-7.9489,-2.5916,1
5.8963,-3.9405,1
-6.0771,8.5491,1
-6.6193,-5.2205,1
-4.1135,-6.4513,1
2.3199,5.2488,1
-2.6042,10.299,1
4.1653,4.2963,1
-5.9005,8.0278,1
-2.9965,2.9014,1
-6.4555,8.5171,1
3.7597,-6.022,1
-2.842,-7.2281,1
-2.835,2.6344,1
5.6651,-4.3282,1
-6.605,7.5879,1
2.3002,11.422,1
-6.9951,7.7745,1
3.3602,5.2439,1
3.7594,-6.3968,1
0.35967,11.671,1
3.148,4.8276,1
-2.4572,10.868,1
-3.9875,-6.7668,1
1.6759,11.189,1
-7.3874,-3.8802,1
-6.178,-5.1324,1
-3.0933,10.246,1
5.8862,3.1668,1
6.699,-3.0291,1
4.0131,4.2124,1
-5.2787,8.7194,1
-9.2995,-0.16325,1
-9.4002,0.51113,1
-7.2126,7.0755,1
2.1601,4.8346,1
5.352,11.053,1
2.7738,5.2638,1
0.97589,11.102,1
-0.50685,4.3496,1
-1.2112,11.172,1
-8.5762,-0.66048,1
-2.441,11.126,1
-7.9243,6.1494,1
4.5191,11.682,1
6.5119,2.073,1
-1.5062,4.1216,1
-1.0408,4.4203,1
3.8631,11.174,1
4.5621,10.862,1
2.443,11.277,1
-8.5891,4.0831,1
3.5109,5.0813,1
-9.1487,2.1141,1
0.30316,-6.9237,1
-7.9278,5.092,1
6.5897,0.81344,1
6.3431,10.27,1
0.14972,5.1281,1
-3.5351,10.184,1
-8.6029,4.6393,1
0.33255,-7.777,1
0.22691,11.022,1
1.1709,-6.7457,1
-1.9785,-6.9924,1
-0.71179,11.621,1
-0.57227,11.679,1
6.2174,2.0364,1
-4.9663,9.2888,1
-8.7024,4.4196,1
-8.7409,0.077335,1
-0.25922,-7.394,1
4.0661,4.2525,1
-2.825,2.8978,1
6.5083,-1.0805,1
5.0475,3.2974,1
7.1856,-2.069,1
3.6053,11.727,1
-8.3901,-0.20593,1
-9.1297,-0.58968,1
6.789,-1.4247,1
-5.0161,8.9521,1
-2.1524,-0.40024,1
2.5423,5.0775,1
-8.8107,1.5849,1
0.96139,11.79,1
1.0125,-7.043,1
-6.3384,7.8037,1
0.16808,11.02,1
-1.2648,4.2227,1
2.9896,-6.6951,1
4.6941,10.791,1
-7.5979,-3.0546,1
-2.0315,10.864,1
-2.5585,10.972,1
-7.5774,6.6845,1
2.8488,10.956,1
-8.1548,4.3767,1
-1.2285,4.3126,1
6.2372,-3.659,1
6.4751,2.1295,1
4.5568,3.9427,1
6.2857,-3.8503,1
6.3444,-1.9192,1
7.0908,1.0471,1
-6.5644,-5.2035,1
4.6812,-4.7841,1
6.5526,-2.9268,1
-1.6177,4.5201,1
-0.49979,11.534,1
3.2285,5.3345,1
-8.4507,3.4258,1
0.054863,-1.7514,1
0.43835,11.019,1
-5.3851,-6.153,1
2.3979,11.505,1
-2.7289,-0.23292,1
-8.3668,4.5868,1
-5.7457,8.4589,1
-8.6607,2.4749,1
-7.1898,-3.6151,1
-5.9551,-5.0936,1
0.39479,-7.1821,1
-7.2918,-3.5714,1
6.5598,-3.0431,1
4.6589,4.3854,1
-0.7027,11.361,1
6.017,2.711,1
-1.3353,-7.3243,1
2.5911,-6.2573,1
-0.68606,10.949,1
-4.269,9.1061,1
-1.4455,-0.69609,1
-8.004,-1.0184,1
0.23278,-7.1164,1
-2.7381,0.6662,1
-1.7929,-7.4254,1
-0.76316,-7.5568,1
-0.56131,11.897,1
7.0526,0.78229,1
4.7448,10.522,1
-5.9729,-5.4425,1
-3.7897,10.618,1
6.7436,1.4844,1
6.1803,2.3012,1
-0.27208,11.078,1
-7.8742,6.8903,1
-7.0451,7.4633,1
-0.22044,-7.7837,1
-8.1067,5.8635,1
-0.93043,-7.0656,1
5.3461,11.067,1
-6.9384,-4.4521,1
-0.77562,-7.503,1
-1.4782,3.9818,1
-2.2369,10.912,1
-9.1121,2.7015,1
2.2013,-7.28,1
-8.4464,4.8526,1
6.2808,-2.963,1
3.638,5.2249,1
5.474,-4.6053,1
1.1397,5.1047,1
5.786,10.443,1
-3.9168,10.048,1
-3.2158,-6.7682,1
1.9604,-7.3568,1
-8.7395,4.789,1
0.979,5.7255,1
-2.6885,1.3078,1
6.5669,2.4491,1
7.042,-2.3758,1
5.4604,11.047,1
6.8002,1.6109,1
-2.1734,2.7099,1
-0.29097,4.7638,1
2.6753,-7.0504,1
-3.382,10.973,1
-2.9455,1.3802,1
2.5444,5.2977,1
5.746,2.6256,1
4.0175,11.524,1
5.8234,10.14,1
3.3367,11.817,1
4.2809,11.407,1
6.4513,-0.043845,1
7.0557,-2.2899,1
1.6988,-7.6405,1
-0.44446,11.379,1
4.4374,11.586,1
-8.575,1.2086,1
5.871,-2.501,1
0.061848,5.1834,1
6.6533,1.7927,1
-7.5203,6.7442,1
-8.9158,3.6811,1
-6.7381,-4.4059,1
-2.9009,10.559,1
-3.1952,-7.1328,1
4.55,-5.2706,1
-8.8269,-1.5101,1
-9.2409,1.7805,1
-2.5359,-0.2565,1
-3.2036,2.0651,1
-2.1476,3.5697,1
-1.8671,3.8361,1
-1.283,4.2722,1
4.3468,11.347,1
-0.91371,4.9571,1
-2.9238,-7.3425,1
4.2991,11.255,1
-5.5348,-5.3464,1
6.5609,1.8432,1
6.5712,10.179,1
5.0571,11.452,1
-8.8193,3.2269,1
-1.3167,4.572,1
6.4288,0.95304,1
-2.8827,2.4739,1
-5.9151,-5.9954,1
3.3928,11.223,1
-8.4575,-1.9674,1
-1.5183,-7.7459,1
-8.7128,-0.59982,1
6.8359,1.5365,1
-9.1269,3.3691,1
4.6556,-5.0121,1
-9.3104,1.3976,1
2.9806,-6.5977,1
4.2939,4.62,1
-0.25905,5.024,1
-6.8522,6.7308,1
-3.2238,10.583,1
2.4594,-7.3127,1
2.4015,5.3154,1
-1.5434,3.8616,1
0.44426,11.588,1
7.3294,-0.49633,1
-6.3551,8.2986,1
-4.7125,-6.2472,1
-4.6355,9.6373,1
5.5601,-4.4705,1
-6.0233,-5.239,1
-4.2928,9.727,1
-7.0748,7.3723,1
-1.9062,11.159,1
-7.3022,-3.0759,1
-4.8265,9.8135,1
3.532,11.481,1
-6.8239,7.3517,1
-2.0544,3.7231,1
5.683,2.3095,1
-6.5455,7.0017,1
0.72957,5.4022,1
5.0889,11.077,1
-5.4635,8.6924,1
5.6283,10.174,1
5.0141,-5.5171,1
-7.5085,6.8642,1
-3.565,9.9542,1
-0.53367,-7.4779,1
-2.235,-7.5972,1
-8.3443,-2.3102,1
-6.5429,7.7113,1
-8.4575,0.74039,1
5.3409,-4.7572,1
-4.3574,9.5696,1
-6.3824,7.7428,1
6.9145,-0.66306,1
-5.5041,-5.0433,1
4.0236,5.0781,1
2.4498,5.5399,1
-9.0978,2.3952,1
-1.3719,4.1273,1
6.8132,2.3214,1
-1.9999,10.878,1
-8.4278,-0.61375,1
-8.2783,3.4748,1
4.8633,11.023,1
-4.5832,9.9716,1
-6.5682,7.6246,1
-4.8891,9.5681,1
6.6412,-3.1388,1
-0.77311,-7.8325,1
6.6626,-2.9875,1
6.4351,1.5206,1
5.9307,-3.1815,1
-8.8543,4.2154,1
-1.2494,-7.7701,1
-7.4779,-3.0925,1
6.5388,1.8227,1
-8.3244,-0.54916,1
-5.0962,9.4239,1
-2.3208,4.0416,1
5.692,10.281,1
-8.9415,0.45366,1
4.8563,10.664,1
-1.4817,11.48,1
-2.6673,1.9149,1
-2.7071,-7.1572,1
5.2081,-5.1382,1
4.4424,4.7404,1
-0.57247,11.662,1
3.3548,-6.3202,1
0.63748,-7.8503,1
1.616,11.261,1
0.26319,-7.7956,1
-4.317,-6.5674,1
0.39827,11.869,1
-8.8955,4.3568,1
-8.7403,2.8106,1
-5.6677,8.2502,1
-4.7073,10.08,1
4.8991,-5.3323,1
-1.8872,-0.56451,1
1.2499,11.843,1
0.52251,5.1631,1
-1.1307,11.626,1
3.8195,11.29,1
-1.2566,10.881,1
-9.0931,3.1927,1
-7.905,-3.7695,1
-3.165,-7.2571,1
4.0903,-5.3029,1
-0.066606,4.7128,1
3.9066,-5.5475,1
-2.7046,10.53,1
-0.86859,4.5107,1
2.9103,4.7983,1
5.791,-3.3607,1
-2.8817,10.464,1
-7.5665,-3.3455,1
5.2868,-5.6629,1
-5.2142,9.081,1
-1.0303,10.858,1
-8.5682,-2.3306,1
-8.241,-2.7222,1
-7.6041,5.4291,1
4.1773,-5.6037,1
2.7647,11.654,1
1.7508,5.5875,1
-5.3288,9.4811,1
4.3955,-5.447,1
1.7971,5.6155,1
-7.4909,-3.7499,1
-9.0382,1.6831,1
-9.1109,-0.49793,1
-6.4436,7.6562,1
5.2079,4.4481,1
-6.1556,8.5677,1
-5.5665,8.8795,1
-1.5434,10.579,1
-6.8779,-3.5984,1
-8.4389,-0.83745,1
7.0058,-1.6593,1
-5.6161,-6.3648,1
5.8994,10.517,1
3.5307,4.7897,1
4.1447,-5.3239,1
-2.5218,-0.81634,1
-4.5179,10.269,1
-7.7918,6.1343,1
-4.6558,9.9313,1
0.21805,-7.6556,1
-3.6008,10.329,1
-8.5447,4.2568,1
1.8779,11.105,1
-9.2278,1.5167,1
-8.572,2.5613,1
-1.6662,-0.51715,1
-1.6782,10.887,1
6.1614,3.0169,1
6.8098,-2.4167,1
5.9409,2.6703,1
-6.8374,-4.6033,1
-5.7423,-4.6314,1
-8.0349,4.5634,1
-5.0912,9.0301,1
6.6225,-1.8622,1
1.8289,11.204,1
5.0072,-5.3427,1
5.193,3.5866,1
6.7461,0.48495,1
3.87,4.96,1
-8.0614,-2.0007,1
-9.4579,1.7043,1
7.2869,-1.1152,1
-8.9544,-1.5414,1
3.2594,-6.6092,1
-7.929,6.0207,1
4.4964,-5.8047,1
-3.8483,-6.1424,1
6.7592,0.72719,1
-1.4932,-7.8494,1
-8.9237,0.81361,1
0.0064605,4.7883,1
4.0948,4.6937,1
4.0918,4.7382,1
-0.12802,5.2838,1
-8.821,3.7801,1
-8.0082,-3.9298,1
-4.8903,10.084,1
0.92169,-6.9018,1
-8.3904,-2.0093,1
6.0584,-2.6746,1
-8.5275,-0.48613,1
1.2552,11.693,1
-7.8366,-2.2607,1
5.7611,11.086,1
-2.8014,0.20641,1
-2.9688,-7.1905,1
-5.1497,-5.3446,1
-7.5344,5.9958,1
-8.0728,4.934,1
6.2614,10.258,1
6.9081,-2.1824,1
-7.0796,-3.3787,1
-2.072,3.1686,1
7.1913,-1.4381,1
-7.3237,-4.2893,1
-4.4659,-6.1217,1
5.4558,-4.7525,1
3.5951,4.5731,1
4.3056,-5.6885,1
-3.1382,10.522,1
-9.0896,0.46651,1
6.3623,-1.2366,1
-4.247,-6.4794,1
6.0155,10.53,1
-7.9978,6.7944,1
-3.1356,0.66189,1
-7.0854,-3.7314,1
-8.576,0.93563,1
2.0685,-7.1333,1
6.365,-1.33,1
-8.1938,-2.9713,1
-6.3636,7.7055,1
-0.096384,4.7514,1
-0.20744,-7.2662,1
-4.7847,-5.7735,1
-2.1135,10.706,1
-8.2218,-1.4393,1
-9.0709,1.6296,1
-2.5341,3.2709,1
-4.3181,-6.508,1
2.2797,5.085,1
-8.7911,3.7824,1
-5.9603,8.0895,1
2.6835,5.5166,1
-7.4422,5.9994,1
-8.8099,4.3199,1
-2.3627,1.6421,1
2.5039,11.949,1
-6.6242,-4.8869,1
6.5143,2.2243,1
-8.51,-2.1941,1
-8.356,4.1739,1
7.1144,-2.3967,1
-1.2563,-7.3504,1
-5.6967,8.5613,1
1.817,11.943,1
0.42363,-7.4941,1
1.2949,-7.6558,1
-9.0334,2.9798,1
3.3166,11.34,1
1.9488,11.088,1
2.5276,-6.8306,1
-7.8417,-2.8438,1
-4.4358,9.3387,1
0.94215,11.418,1
2.5418,11.526,1
-0.4765,-7.3028,1
6.1385,2.2022,1
5.9502,2.4615,1
-0.61186,-1.3273,1
5.7266,10.591,1
2.0122,11.188,1
-6.037,8.7839,1
-5.1565,9.7114,1
-7.8303,-3.1271,1
-8.2007,5.2534,1
-2.2087,3.8234,1
-2.1299,3.9984,1
-9.068,-0.18636,1
6.7893,-0.68712,1
-0.74324,-0.93996,1
-6.4911,8.1513,1
-1.1732,-7.0519,1
5.6419,10.842,1
-2.0143,3.8899,1
1.99,5.116,1
4.7193,11.32,1
-0.57904,10.855,1
6.5418,-0.77629,1
-6.2706,-5.0481,1
-0.86656,4.2026,1
-8.9618,1.1038,1
-8.5291,0.082702,1
-9.0886,3.6409,1
-2.2894,11.076,1
-6.4971,8.5574,1
-2.1035,2.7897,1
-0.28415,5.226,1
-7.2418,-3.5027,1
4.7563,-5.0146,1
6.9625,-0.70298,1
-2.0867,0.69327,1
4.9603,3.3325,1
4.011,11.721,1
3.7578,-5.7026,1
-4.9873,-5.6795,1
2.0474,-6.7035,1
-9.1223,2.8616,1
-3.903,-7.1778,1
0.7077,11.535,1
6.2858,-1.9671,1
-8.4318,4.0434,1
-6.9514,-4.677,1
-2.4411,2.3227,1
-8.564,3.4592,1
5.3786,-4.2536,1
0.85404,5.2225,1
-3.8732,-6.8032,1
-9.0188,3.7448,1
-5.6302,9.2053,1
-3.5528,9.9361,1
-1.7443,-7.4256,1
-5.9956,-5.2338,1
-9.0616,1.563,1
-7.4097,6.0547,1
-0.028423,-7.3315,1
2.9463,-6.6204,1
5.0166,-4.803,1
-3.4317,-6.6091,1
-9.1526,3.3771,1
-8.7518,1.5902,1
3.6264,-6.6062,1
-8.0753,-1.7487,1
-2.2231,11.116,1
5.4001,3.8097,1
5.6772,-4.3049,1
-2.9705,2.8455,1
-4.6869,9.9963,1
-4.7552,9.1022,1
0.80418,-7.2055,1
5.3374,-4.8408,1
6.0902,10.474,1
-7.7758,-3.8831,1
-1.9718,-0.27724,1
-1.4757,11.156,1
-8.2206,-1.2688,1
-1.5668,11.06,1
-5.4385,8.3172,1
1.0689,4.778,1
0.41186,-6.9073,1
5.4133,10.643,1
-6.3668,-5.0443,1
0.49713,-7.3273,1
-7.4937,-3.5173,1
4.6507,10.62,1
-2.3301,-6.9853,1
-1.3565,11.564,1
3.8786,4.6836,1
-0.028177,4.8425,1
3.2601,-6.226,1
-0.94646,4.3575,1
-7.6123,-3.9998,1
4.1131,10.744,1
6.3596,-3.2335,1
-0.73359,4.7981,1
3.5656,4.3774,1
4.8148,4.2634,1
-7.3287,-3.829,1
-3.6692,-6.3803,1
6.4999,-2.0793,1
-8.767,3.8365,1
2.2735,5.4642,1
7.2425,-1.1082,1
-8.0443,-1.0517,1
3.6763,-6.7206,1
-6.8165,-4.476,1
4.4907,-5.4245,1
-2.8063,0.58667,1
0.35471,-7.4999,1
-5.9982,-5.413,1
2.6444,4.8454,1
-9.0378,0.3306,1
4.3977,10.914,1
-0.37866,5.0909,1
5.4812,-5.137,1
-6.3316,-4.3142,1
-2.1296,-7.366,1
2.9979,11.299,1
-7.6639,5.7579,1
-7.4755,6.8991,1
-9.3993,1.7933,1
-3.2763,1.9146,1
-8.8395,1.516,1
4.932,-5.3699,1
0.14884,5.438,1
-0.79461,4.8699,1
0.61082,11.794,1
6.3199,-1.4771,1
-4.9767,-6.443,1
1.2128,-6.7806,1
6.5779,-2.1006,1
6.9758,-1.6563,1
-8.6754,5.3173,1
-1.9966,3.6846,1
-5.2991,9.0276,1
5.8838,-3.9188,1
-2.5784,10.792,1
-4.0963,-6.1393,1
7.3324,-0.30839,1
7.2357,0.35631,1
5.1575,-5.4182,1
6.1847,10.233,1
6.274,2.5524,1
-2.4331,10.445,1
-2.3479,11.008,1
-6.6298,-4.6922,1
-9.1211,2.8738,1
2.2121,-7.3173,1
5.1242,-4.7588,1
-4.0987,10.315,1
0.86887,5.5756,1
7.0323,0.87685,1
-2.317,-7.5097,1
0.81552,-6.9244,1
-5.9878,8.4812,1
-4.0553,-6.2082,1
-5.131,9.5679,1
-2.8681,0.24017,1
6.2979,10.815,1
6.2749,-3.2163,1
-6.3271,8.0218,1
-2.74,1.8534,1
-1.4624,10.962,1
-7.3345,7.2984,1
1.205,5.0535,1
-1.2044,11.59,1
-3.7774,10.357,1
-0.74426,-1.6419,1
-9.0049,2.4323,1
-9.3177,1.3264,1
6.9522,1.7771,1
-1.8755,-7.2661,1
2.6402,11.887,1
-2.9774,-6.5446,1
1.3977,5.1091,1
-8.5798,3.8418,1
4.9497,10.951,1
-1.5351,-6.8668,1
6.7729,0.039839,1
-0.39526,11.661,1
3.2048,11.174,1
0.85203,-7.4453,1
-6.0009,8.4157,1
0.89935,5.5119,1
7.0839,0.38554,1
0.75125,5.0853,1
-2.3172,0.058859,1
-5.9856,-5.0691,1
7.0468,-1.5565,1
-3.1568,1.7048,1
-7.2142,7.4816,1
-6.9628,-4.329,1
-0.54292,11.85,1
-7.6823,-3.2622,1
4.9027,11.073,1
-7.0243,7.1784,1
3.8499,10.995,1
-6.8096,6.5789,1
6.6202,-1.7822,1
-0.5664,4.6042,1
-8.9337,4.0109,1
-3.9449,9.6873,1
4.3966,4.1825,1
5.3455,-4.4744,1
-4.9928,-6.5215,1
-8.4109,5.1064,1
-9.063,-1.5438,1
-2.6842,3.3232,1
4.6018,10.678,1
-7.7708,-2.3831,1
-8.0022,-1.9785,1
-8.4021,-2.5672,1
-8.3645,-0.53019,1
2.8793,4.93,1
-2.381,1.6218,1
-0.63595,-7.3058,1
6.6106,-3.1415,1
-8.2199,4.4835,1
5.0283,10.721,1
7.2205,-1.4562,1
-5.7575,8.4158,1
-8.6962,3.353,1
-7.085,-4.5909,1
0.90558,11.93,1
-8.423,2.916,1
-7.2293,-4.1466,1
-0.58416,5.1804,1
-2.7434,1.2213,1
3.648,11.567,1
-7.0562,6.6293,1
0.11713,11.358,1
0.12451,11.972,1
-5.1245,9.1313,1
-6.4625,-4.519,1
3.9513,-6.1836,1
6.5696,-3.1899,1
-4.4265,-6.6152,1
-1.7211,-1.3174,1
-0.79561,-7.3955,1
-7.6299,6.3216,1
-0.29918,-7.7229,1
-8.5509,-1.0956,1
-8.334,-1.6762,1
4.8008,10.979,1
5.9315,-2.8119,1
-3.1784,2.4521,1
-1.4353,11.389,1
0.28653,11.613,1
1.7398,-6.7488,1
3.7926,4.6279,1
5.3438,3.5698,1
4.6445,3.7081,1
-8.5885,-1.1083,1
-2.348,10.977,1
-2.6018,2.6372,1
-8.5396,-1.2446,1
7.0674,-0.84111,1
6.3138,0.57044,1
-7.1095,6.3049,1
5.6483,2.7263,1
1.3324,5.5359,1
-2.8903,-7.0042,1
6.4316,2.6938,1
2.1204,-7.1732,1
5.799,2.6206,1
-0.6073,11.503,1
6.7314,0.79766,1
-7.4732,-3.6835,1
5.0985,4.1896,1
-2.5176,-7.6308,1
-3.9468,9.9597,1
-3.5958,-6.4677,1
-0.93643,11.305,1
-9.1561,2.4643,1
-7.4374,-3.853,1
-6.1626,-4.9484,1
-1.5339,-7.4333,1
-4.5626,9.7379,1
-9.4605,1.9548,1
5.7058,2.8456,1
5.9401,11.001,1
-5.0155,-6.2824,1
-5.6599,-5.4155,1
-6.067,8.1737,1
-8.3459,3.6089,1
-7.7039,6.7163,1
7.1334,0.51436,1
1.0523,-6.6992,1
3.7689,-6.3949,1
-2.3903,10.414,1
4.8204,11.062,1
6.4223,-3.0187,1
4.4716,11.011,1
-8.609,-0.53413,1
5.7176,3.2517,1
-3.8011,-6.4898,1
2.475,5.0114,1
-8.2816,5.3944,1
-6.8811,7.6004,1
-4.4336,-6.7094,1
-8.6438,4.0658,1
-7.949,5.5814,1
6.7484,0.98526,1
3.0846,4.6702,1
-3.9511,-6.603,1
6.5988,10.123,1
-0.6946,11.029,1
-2.7565,1.6211,1
3.4366,11.213,1
-0.22644,11.171,1
6.509,0.85904,1
5.1782,11.246,1
6.4491,-1.8386,1
-8.5954,1.0075,1
-6.0927,-4.6052,1
-5.0992,-6.119,1
7.0637,-1.4121,1
-2.3229,4.2212,1
5.4981,4.1053,1
-9.3284,2.7189,1
-8.4619,5.3403,1
-1.7422,10.624,1
6.1944,-2.1113,1
-2.8002,0.50797,1
-7.306,-3.5089,1
6.3208,2.4563,1
2.1738,11.07,1
6.4629,-3.2695,1
7.1734,0.41181,1
-6.48,-4.6532,1
6.3818,-1.5336,1
-2.0556,-0.026775,1
4.6098,10.832,1
0.35905,11.309,1
3.6423,11.419,1
-2.6992,10.345,1
2.0099,-7.3059,1
-0.22742,5.3712,1
-7.6921,6.61,1
-8.802,3.9982,1
-1.7524,-7.4606,1
3.9054,5.3217,1
5.1886,-4.6203,1
-8.5597,4.3135,1
-5.0698,-6.0427,1
-7.8826,6.6137,1
-9.0064,1.8678,1
-1.6565,4.3853,1
6.3589,10.262,1
5.3052,2.9043,1
-3.5648,-7.2648,1
-7.3631,-2.9804,1
-8.6442,2.111,1
-4.5084,10.117,1
-5.3935,9.068,1
5.3864,-3.8558,1
5.4961,3.3791,1
-2.4345,10.646,1
-9.4104,2.5109,1
-8.3962,-0.50714,1
-3.7886,-6.4272,1
-8.8867,0.12042,1
1.4872,-6.9039,1
-1.1705,11.652,1
-3.932,-6.6428,1
-3.1467,-7.4011,1
5.1956,-4.3916,1
-7.1148,-3.0054,1
-8.4071,-1.747,1
3.4174,5.1186,1
-7.9136,5.8027,1
6.0759,1.6014,1
6.0572,-2.9493,1
-8.4844,5.1315,1
5.6901,2.1819,1
-0.66126,-7.1125,1
6.5911,1.4799,1
3.1318,4.5205,1
-3.687,10.114,1
4.8935,-5.9112,1
-4.4399,-6.5942,1
-2.1549,3.7676,1
-0.62756,4.7743,1
5.339,-4.7356,1
5.5289,-5.0211,1
4.1375,-5.8818,1
-9.0155,1.9666,1
-1.3176,-7.3283,1
-2.6803,10.671,1
-0.80432,11.627,1
-7.6026,-3.4821,1
4.1134,-6.245,1
-6.783,-3.5902,1
6.77,-1.3362,1
2.5526,-6.4881,1
-1.7879,10.971,1
-1.729,10.684,1
-1.5732,4.4241,1
3.2266,11.756,1
-1.8438,-0.71067,1
-1.0193,4.7576,1
-7.0617,7.9181,1
2.4652,-7.1463,1
6.0743,1.0246,1
-3.0708,10.561,1
-1.3766,11.417,1
-5.7488,8.7992,1
3.6471,-6.4705,1
4.5091,11.372,1
4.2531,-5.3082,1
-8.1279,-2.6432,1
6.7127,0.86689,1
-8.4365,-1.6232,1
5.1299,-4.9801,1
-8.2438,5.5477,1
-1.5291,4.2138,1
-0.12476,4.8037,1
5.4554,3.1975,1
5.8254,2.4147,1
4.121,4.2499,1
6.7,-2.5139,1
5.7658,2.6033,1
-3.1866,1.702,1
-1.6446,4.1852,1
-2.1676,0.52356,1
-9.2272,-0.25653,1
6.8994,-2.87,1
-3.5598,-6.6331,1
5.0856,3.2087,1
-3.8411,9.5097,1
-2.8249,-0.14109,1
-5.7967,-4.9567,1
1.8404,11.203,1
-6.7485,7.152,1
-5.2004,8.3995,1
2.076,-6.5422,1
4.3865,11.675,1
3.1001,-6.5864,1
-1.0669,10.913,1
-7.7436,6.5492,1
-0.50148,-7.0367,1
-5.5845,-5.6734,1
4.5061,-6.3133,1
1.8546,5.0729,1
-5.495,9.0225,1
-3.9713,-6.3958,1
3.8514,4.5813,1
-5.1283,-6.0499,1
1.1104,11.587,1
-1.9671,-7.7277,1
-8.446,2.2048,1
-3.6379,-6.8397,1
1.8391,5.3186,1
3.083,-5.8467,1
5.4914,-3.6208,1
-1.4465,-0.96663,1
5.2498,3.6514,1
-1.056,11.532,1
-7.0964,6.9823,1
-1.4463,4.2857,1
3.5233,4.9911,1
3.3412,11.496,1
-0.57836,11.772,1
4.5884,-5.8969,1
-2.9848,-6.7831,1
-7.9364,5.7172,1
-0.86412,-7.1284,1
-7.2519,-4.5691,1
3.8253,10.902,1
-4.9396,-6.0767,1
-3.6312,9.7382,1
-7.4752,6.8038,1
4.9721,4.013,1
-5.1134,9.3087,1
-1.964,-1.0115,1
-7.9384,5.8278,1
-4.7472,-6.2275,1
3.6709,-5.8049,1
-7.0296,8.0014,1
-7.6873,5.277,1
-2.625,-7.5023,1
-3.4368,10.289,1
-4.0451,9.7739,1
-4.3288,9.8372,1
-5.8762,-6.0739,1
5.2924,4.325,1
-8.657,-2.1992,1
1.0587,11.585,1
5.6958,-3.412,1
3.2379,-6.3513,1
4.3639,-5.479,1
-8.0278,6.6016,1
-8.8534,4.4958,1
6.2462,-3.1514,1
-0.85306,11.296,1
-0.75395,4.7001,1
-1.4619,4.3866,1
4.7868,10.731,1
-8.532,0.52326,1
-5.8689,8.7129,1
3.8974,5.1415,1
5.3335,-5.0652,1
0.27187,-0.95156,1
-7.3558,-3.4931,1
2.3578,11.38,1
-2.4172,-7.2354,1
3.2786,-6.3955,1
-5.5605,-5.4013,1
0.18971,4.5409,1
-6.7801,8.0672,1
0.98783,-6.7527,1
3.4217,4.9921,1
1.245,-7.1478,1
6.6019,-2.3223,1
5.3732,-4.2196,1
-1.9068,-0.6837,1
6.4365,0.038248,1
-3.2171,-6.6644,1
3.2919,4.8687,1
1.4918,-6.923,1
-2.5411,-7.4506,1
-6.3415,-4.3044,1
-7.7687,-3.864,1
4.1196,-6.0148,1
6.3142,1.2456,1
3.5298,4.6334,1
-7.7307,-3.1028,1
4.6583,-5.9804,1
-8.4548,1.8972,1
-4.7652,9.6549,1
-4.585,9.8039,1
-9.0505,3.5408,1
6.1055,-3.2682,1
-5.9769,-4.6129,1
-7.3104,-3.1462,1
-4.7673,-6.3876,1
3.2601,4.8444,1
4.26,-6.3614,1
-1.597,11.633,1
6.3827,-1.3348,1
6.0142,2.4948,1
-6.6788,-4.9163,1
1.7028,-6.78,1
-2.9269,10.565,1
-7.6877,5.5684,1
-8.8487,3.9121,1
5.4951,-4.3085,1
-2.3216,-0.40827,1
5.1697,-5.7044,1
-7.0623,7.9285,1
7.2071,0.18465,1
3.5889,10.937,1
-1.8181,-0.27086,1
-4.0088,9.7165,1
6.3629,1.7532,1
6.5867,-1.0972,1
-2.4637,-7.3215,1
-7.877,-1.449,1
-8.3713,-1.2726,1
4.3332,10.962,1
-3.8882,-6.0602,1
-9.1201,0.7274,1
-8.9095,-0.063923,1
-8.6243,0.53857,1
2.0526,-7.1875,1
-8.1266,5.1344,1
5.1769,-4.0324,1
1.4291,-7.0988,1
-6.3613,7.8242,1
-5.915,-5.0336,1
-8.8628,-0.091938,1
0.43255,-6.9293,1
6.1786,1.7817,1
-5.8856,-5.7497,1
-4.2312,-6.4763,1
2.9623,5.1922,1
-3.7298,-7.0905,1
-4.4534,-6.5791,1
-2.9667,2.304,1
0.02239,5.1622,1
5.1068,-4.9081,1
6.1389,10.759,1
-9.3592,-0.24732,1
-6.9101,7.5927,1
6.629,-2.8623,1
-6.64,-4.5331,1
-2.1687,-0.1563,1
-3.5585,10.111,1
6.5516,-0.97671,1
-8.6774,1.8588,1
-8.8359,0.71195,1
5.044,4.4871,1
-6.6167,8.2171,1
4.1856,-5.359,1
7.1721,-0.65544,1
-8.2542,5.9253,1
5.0281,-5.4323,1
-6.2068,-5.1123,1
-1.9639,-6.9273,1
-5.2986,9.0648,1
-7.1769,-3.7493,1
1.273,11.537,1
3.7708,4.8109,1
0.95467,12.012,1
6.3701,-2.4044,1
2.9352,11.428,1
-1.5032,4.0504,1
-7.9291,-4.0494,1
-1.8148,-0.72775,1
3.4999,4.9562,1
-2.0476,10.821,1
-9.111,1.7767,1
-2.7722,10.011,1
-8.2266,4.9585,1
3.7066,4.4375,1
-8.7214,3.3695,1
-4.0517,-6.7513,1
1.7046,11.467,1
-0.2775,11.691,1
-7.9806,5.017,1
-8.8018,1.3533,1
6.6198,-1.3074,1
-8.255,5.6486,1
-7.6922,6.6267,1
-6.7365,8.3041,1
0.83005,-7.0104,1
-2.1104,4.0247,1
-8.461,4.7953,1
0.29785,-7.7513,1
-2.4802,10.704,1
6.7758,-1.178,1
4.4219,11.527,1
1.2782,12.009,1
5.311,-4.7476,1
-5.9004,7.9774,1
-6.6511,8.1985,1
-8.8646,-1.4313,1
3.9658,4.3905,1
-2.2604,2.7263,1
-1.9467,10.76,1
-8.9905,-1.5829,1
-0.74577,4.7955,1
6.6008,-1.1818,1
-2.8312,10.843,1
-1.3189,4.3258,1
-4.511,9.9768,1
-0.65638,11.418,1
2.098,-6.8515,1
-5.238,9.4461,1
-4.28,10.254,1
5.1601,3.168,1
-8.2216,5.0177,1
-8.7279,2.6606,1
5.795,10.435,1
1.5104,-6.9506,1
-7.5598,6.1808,1
-1.2921,4.1371,1
-1.7289,4.8139,1
-6.544,-4.2608,1
1.8232,-7.0118,1
2.3518,-7.4497,1
5.0617,10.89,1
-8.2318,5.5381,1
3.4393,-6.6239,1
6.825,-0.79085,1
-6.5941,7.721,1
-0.1236,11.137,1
3.3109,-6.5626,1
-1.2642,4.106,1
-7.6774,-3.8658,1
-0.83293,-7.6463,1
7.2697,0.19005,1
-4.0993,-6.5736,1
-5.4493,-6.2954,1
-9.102,-1.0067,1
5.9706,-3.6589,1
-7.5445,-4.0164,1
-6.3976,-5.4035,1
-4.0215,-6.8384,1
-8.0418,-2.0318,1
0.59695,-7.7303,1
2.2537,11.513,1
-8.546,4.0916,1
5.6047,-3.3563,1
4.5502,11.595,1
-1.9727,-0.61798,1
7.0747,0.77745,1
-3.2265,9.9294,1
-5.6561,9.0539,1
5.925,-4.8505,1
-0.8973,11.422,1
1.7724,11.348,1
-7.1573,7.2012,1
-1.8454,-6.8285,1
-7.6864,-3.6943,1
-0.62681,10.925,1
5.4091,11.417,1
-8.7347,-1.2853,1
-8.2147,-1.5336,1
-0.44708,11.463,1
-4.7433,9.7251,1
-5.985,-4.8312,1
-7.4262,-3.6461,1
-9.4418,1.3435,1
4.0869,-6.1558,1
4.7865,-5.3722,1
3.554,4.4159,1
-7.6875,6.3243,1
2.4783,-6.5731,1
-8.8044,-0.42685,1
-1.734,-1.052,1
3.5226,4.7588,1
4.0575,10.963,1
-8.1028,5.8454,1
1.1121,11.75,1
-7.5653,6.1959,1
-5.1663,-5.8111,1
-9.4016,1.1622,1
-4.9132,-6.5216,1
-0.37814,-7.6488,1
6.1362,-2.7067,1
0.14806,11.472,1
1.3574,11.153,1
-3.1609,-7.4354,1
-1.1471,-7.0984,1
-7.499,-3.8202,1
-4.9142,9.4295,1
-2.0581,3.6501,1
-3.3746,-7.1473,1
-5.9407,8.9445,1
-8.0188,5.1841,1
-8.9446,3.8469,1
-6.3335,8.4383,1
-2.9183,-7.3145,1
6.4923,0.81172,1
3.2073,11.59,1
-8.6588,0.2057,1
-7.3257,6.8281,1
-3.0359,10.24,1
-8.1755,-1.63,1
0.78927,-7.6115,1
-8.6386,-0.069498,1
-8.8149,3.826,1
-2.441,-0.52492,1
-7.0096,7.1731,1
-2.0308,3.3349,1
6.7496,-0.94693,1
-7.2947,6.5827,1
